crawl_date,category,maker,code,name,price,spec,image_url,is_excluded,exclude_reason
2026-08-21,파워,"마이크로닉스,darkFlash",51815078,마이크로닉스 Classic II 850W 80PLUS골드 풀모듈러 ATX3.1,145860,"ATX 파워/850W/80 PLUS 골드/케이블연결:풀모듈러/전압변동:±0.5%/+12V 싱글레일/액티브PFC/PF(역률):99%/120mm 팬/깊이:140mm/무상 10년/[커넥터]/메인전원:24핀(20+4)/보조전원:8핀x1, (4+4)핀x1/PCIe 16핀(12+4):12V2x6 1개/PCIe 8핀(6+2):3개/SATA:8개/IDE 4핀:4개/FDD:1개/[부가기능]/팬리스모드/자동 팬 조절/대기전력 1W 미만/플랫케이블/[변경사항]/25년 7월 PCIe 8핀(6+2) 2개→3개로 변경",https://img.danuri.io/catalog-image/078/815/051/ea4478cdd46e4e3abc021f713f4f5cac.jpeg?shrink=80:80,False,
2026-08-21,파워,"마이크로닉스,darkFlash",96986309,마이크로닉스 Classic II 풀체인지 700W 80PLUS실버 ATX3.1,86900,"ATX 파워/700W/80 PLUS 실버/ETA인증:SILVER/LAMBDA인증:STANDARD++/전압변동:±0.5%/+12V 싱글레일/+12V 가용률:100%/액티브PFC/PF(역률):99%/120mm 팬/깊이:140mm/무상 7년/[커넥터]/메인전원:24핀/보조전원:8핀x1, (4+4)핀x1/PCIe 16핀(12+4):12V2x6 1개/PCIe 8핀(6+2):2개/SATA:6개/IDE 4핀:4개/[부가기능]/대기전력 1W 미만",https://img.danuri.io/catalog-image/309/986/096/bc73ea40a4514430abe4148ef6ae8380.jpeg?shrink=80:80,False,
2026-08-21,파워,"마이크로닉스,darkFlash",96986270,마이크로닉스 Classic II 풀체인지 600W 80PLUS실버 ATX3.1,65360,"ATX 파워/600W/80 PLUS 실버/ETA인증:SILVER/LAMBDA인증:STANDARD++/전압변동:±0.5%/+12V 싱글레일/+12V 가용률:100%/액티브PFC/PF(역률):99%/120mm 팬/깊이:140mm/무상 7년/[커넥터]/메인전원:24핀/보조전원:8핀x1, 4핀x1/PCIe 8핀(6+2):2개/SATA:6개/IDE 4핀:4개/[부가기능]/대기전력 1W 미만",https://img.danuri.io/catalog-image/270/986/096/d6b3a18236d84022881c8fe0629985dd.jpg?shrink=80:80,False,
2026-08-21,파워,"마이크로닉스,darkFlash",96986219,마이크로닉스 Classic II 풀체인지 500W 80PLUS실버 ATX3.1,57980,"ATX 파워/500W/80 PLUS 실버/ETA인증:SILVER/LAMBDA인증:A-/전압변동:±0.5%/+12V 싱글레일/+12V 가용률:100%/액티브PFC/PF(역률):99%/120mm 팬/깊이:140mm/무상 7년/[커넥터]/메인전원:24핀/보조전원:8핀x1, 4핀x1/PCIe 8핀(6+2):2개/SATA:6개/IDE 4핀:3개/[부가기능]/대기전력 1W 미만",https://img.danuri.io/catalog-image/219/986/096/187d4788f5f94df58e13391cf453fd1a.jpg?shrink=80:80,False,
2026-08-21,파워,"마이크로닉스,darkFlash",58913891,마이크로닉스 Classic II 750W 80PLUS골드 풀모듈러 ATX3.1,126500,"ATX 파워/750W/80 PLUS 골드/케이블연결:풀모듈러/전압변동:±0.2%/+12V 싱글레일/+12V 가용률:100%/액티브PFC/PF(역률):99%/120mm 팬/깊이:140mm/무상 10년 /[커넥터]/메인전원:24핀(20+4)/보조전원:8핀x1, (4+4)핀x1/PCIe 16핀(12+4):12V2x6 1개/PCIe 8핀(6+2):2개/SATA:8개/IDE 4핀:4개/FDD:1개/[부가기능]/팬리스모드/자동 팬 조절/대기전력 1W 미만/플랫케이블",https://img.danuri.io/catalog-image/891/913/058/4efa58882eca4672a276e7c0038b78c1.jpg?shrink=80:80,False,
2026-08-21,파워,"마이크로닉스,darkFlash",75938642,darkFlash 퍼펙트모스트 850W 80PLUS골드 풀모듈러 ATX3.1 블랙,119350,ATX 파워/850W/80 PLUS 골드/케이블연결:풀모듈러/ETA인증:PLATINUM/LAMBDA인증:A-/+12V 싱글레일/+12V 가용률:100%/액티브PFC/PF(역률):99%/120mm 팬/깊이:140mm/무상 10년 /[커넥터]/메인전원:24핀(20+4)/보조전원:(4+4)핀x2/PCIe 16핀(12+4):12V2x6 1개/PCIe 8핀(6+2):3개/SATA:7개/IDE 4핀:5개/[부가기능]/팬리스모드/자동 팬 조절/대기전력 1W 미만,https://img.danuri.io/catalog-image/642/938/075/90cb28ce660948c1b9388b50ecd18b74.jpg?shrink=80:80,False,
2026-08-21,파워,"마이크로닉스,darkFlash",63029591,마이크로닉스 Classic II 1050W 80PLUS골드 풀모듈러 ATX3.1,184800,"ATX 파워/1050W/80 PLUS 골드/케이블연결:풀모듈러/전압변동:±0.1%/+12V 싱글레일/+12V 가용률:100%/액티브PFC/PF(역률):99%/120mm 팬/깊이:140mm/무상 10년/[커넥터]/메인전원:24핀(20+4)/보조전원:8핀x1, (4+4)핀x1/PCIe 16핀(12+4):12V2x6 1개/PCIe 8핀(6+2):3개/SATA:8개/IDE 4핀:4개/FDD:1개/[부가기능]/팬리스모드/자동 팬 조절/대기전력 1W 미만/플랫케이블/제로팬모드 / 메쉬케이블 / 25년 7월 PCIe 8핀(6+2) 4개→3개로 변경",https://img.danuri.io/catalog-image/591/029/063/bd5cfa0a468746af825adb11f6fa3fed.jpg?shrink=80:80,False,
2026-08-21,파워,"마이크로닉스,darkFlash",72979889,마이크로닉스 Classic II 풀체인지 650W 80PLUS스탠다드 ATX3.1,64670,ATX 파워/650W/80 PLUS 스탠다드/전압변동:±0.32%/+12V 싱글레일/+12V 가용률:100%/액티브PFC/PF(역률):99%/120mm 팬/깊이:140mm/무상 7년/[커넥터]/메인전원:24핀(20+4)/보조전원:(4+4)핀x1/PCIe 8핀(6+2):2개/SATA:4개/IDE 4핀:2개/[부가기능]/대기전력 1W 미만/플랫케이블,https://img.danuri.io/catalog-image/889/979/072/36236d17a1914c52bb1193951a62d78a.jpg?shrink=80:80,False,
2026-08-21,파워,"마이크로닉스,darkFlash",49642652,마이크로닉스 Classic II 풀체인지 600W 80PLUS브론즈 ATX3.1,64810,"ATX 파워/600W/80 PLUS 브론즈/ETA인증:BRONZE/LAMBDA인증:STANDARD+/전압변동:±0.3%/+12V 싱글레일/+12V 가용률:100%/액티브PFC/PF(역률):99%/120mm 팬/깊이:140mm/무상 7년/[커넥터]/메인전원:24핀(20+4)/보조전원:8핀x1, 4핀x1/PCIe 8핀(6+2):2개/SATA:6개/IDE 4핀:4개/[부가기능]/팬리스모드/자동 팬 조절/대기전력 1W 미만/플랫케이블",https://img.danuri.io/catalog-image/652/642/049/d89c7949f0974c729ab7f7b0279d09d7.jpg?shrink=80:80,False,
2026-08-21,파워,"마이크로닉스,darkFlash",47487848,마이크로닉스 Classic II 850W 80PLUS골드 풀모듈러 ATX3.1 화이트,156200,"ATX 파워/850W/80 PLUS 골드/케이블연결:풀모듈러/전압변동:±0.5%/+12V 싱글레일/액티브PFC/PF(역률):99%/120mm 팬/깊이:140mm/무상 10년/[커넥터]/메인전원:24핀(20+4)/보조전원:8핀x1, (4+4)핀x1/PCIe 16핀(12+4):12V2x6 1개/PCIe 8핀(6+2):3개/SATA:8개/IDE 4핀:4개/FDD:1개/[부가기능]/팬리스모드/자동 팬 조절/대기전력 1W 미만/플랫케이블/[변경사항]/25년 10월 PCIe 8핀(6+2) 2개→3개로 변경",https://img.danuri.io/catalog-image/848/487/047/3186865d86e2472f8fe2fca8341be852.jpeg?shrink=80:80,False,
2026-08-21,파워,"마이크로닉스,darkFlash",49642700,마이크로닉스 Classic II 풀체인지 700W 80PLUS브론즈 ATX3.1,84590,"ATX 파워/700W/80 PLUS 브론즈/케이블연결:케이블일체형/ETA인증:BRONZE/LAMBDA인증:STANDARD/전압변동:±0.3%/+12V 싱글레일/+12V 가용률:100%/액티브PFC/PF(역률):99%/120mm 팬/깊이:140mm/무상 7년/[커넥터]/메인전원:24핀/보조전원:8핀x1, (4+4)핀x1/PCIe 16핀(12+4):12V2x6 1개/PCIe 8핀(6+2):2개/SATA:6개/IDE 4핀:4개/[부가기능]/팬리스모드/자동 팬 조절/대기전력 1W 미만/플랫케이블",https://img.danuri.io/catalog-image/700/642/049/53eea9a4fccf4766a1df9b3cf70b4ec4.jpg?shrink=80:80,False,
2026-08-21,파워,"마이크로닉스,darkFlash",96986339,마이크로닉스 Classic II 풀체인지 800W 80PLUS실버 ATX3.1,97240,"ATX 파워/800W/80 PLUS 실버/ETA인증:SILVER/LAMBDA인증:STANDARD+/전압변동:±0.8%/+12V 싱글레일/+12V 가용률:100%/액티브PFC/PF(역률):99%/120mm 팬/깊이:140mm/무상 7년/[커넥터]/메인전원:24핀/보조전원:8핀x1, (4+4)핀x1/PCIe 16핀(12+4):12V2x6 1개/PCIe 8핀(6+2):2개/SATA:8개/IDE 4핀:4개/[부가기능]/대기전력 1W 미만",https://img.danuri.io/catalog-image/339/986/096/15b5ce6594a746f2a183002017f4efb9.jpg?shrink=80:80,False,
2026-08-21,파워,"마이크로닉스,darkFlash",19814027,darkFlash UPMOST 850W 80PLUS골드 풀모듈러 화이트,150700,ATX 파워/850W/80 PLUS 골드/케이블연결:풀모듈러/+12V 싱글레일/+12V 가용률:99%/액티브PFC/PF(역률):99%/120mm 팬/깊이:140mm/무상 10년/[커넥터]/메인전원:24핀(20+4)/보조전원:(4+4)핀x2/PCIe 8핀(6+2):3개/SATA:8개/IDE 4핀:4개/FDD:1개/[부가기능]/팬리스모드/프리볼트/플랫케이블,https://img.danuri.io/catalog-image/027/814/019/708d3d039d414aedab4f7c76bf6403c8.jpg?shrink=80:80,False,
2026-08-21,파워,"마이크로닉스,darkFlash",122639254,마이크로닉스 WIZMAX S-EVO 700W ETA실버 풀모듈러 ATX 3.1,89370,ATX 파워/700W/케이블연결:풀모듈러/ETA인증:SILVER/LAMBDA인증:STANDARD+/+12V 싱글레일/+12V 가용률:100%/액티브PFC/PF(역률):99%/깊이:140mm/무상 7년/[커넥터]/메인전원:24핀(20+4)/보조전원:(4+4)핀x2/PCIe 8핀(6+2):2개/SATA:4개/IDE 4핀:2개/[부가기능]/대기전력 1W 미만/프리볼트,https://img.danuri.io/catalog-image/254/639/122/fa6db0f4203e429b9b4375d7e35f5877.jpeg?shrink=80:80,False,
2026-08-21,파워,"마이크로닉스,darkFlash",122693350,마이크로닉스 Classic II 풀체인지 700W 80PLUS실버 ATX3.1 화이트,92680,"ATX 파워/700W/80 PLUS 실버/ETA인증:SILVER/LAMBDA인증:STANDARD++/전압변동:±0.5%/+12V 싱글레일/+12V 가용률:100%/액티브PFC/PF(역률):99%/120mm 팬/깊이:140mm/무상 7년/[커넥터]/메인전원:24핀/보조전원:8핀x1, (4+4)핀x1/PCIe 16핀(12+4):12V2x6 1개/PCIe 8핀(6+2):2개/SATA:6개/IDE 4핀:4개/[부가기능]/대기전력 1W 미만",https://img.danuri.io/catalog-image/350/693/122/9d7a94177e174ba3ad348e456d93a6a3.jpeg?shrink=80:80,False,
2026-08-21,파워,"마이크로닉스,darkFlash",96772910,마이크로닉스 Classic II 1200W 80PLUS골드 풀모듈러 ATX3.1,206530,"ATX 파워/1200W/80 PLUS 골드/케이블연결:풀모듈러/전압변동:±1.2%/+12V 싱글레일/+12V 가용률:100%/액티브PFC/PF(역률):99%/135mm 팬/깊이:150mm/무상 10년/[커넥터]/메인전원:24핀/보조전원:8핀x1, (4+4)핀x1/PCIe 16핀(12+4):12V2x6 1개/PCIe 8핀(6+2):3개/SATA:8개/IDE 4핀:4개/FDD:1개/[부가기능]/자동 팬 조절/대기전력 1W 미만/프리볼트/제로팬모드 / 메쉬케이블",https://img.danuri.io/catalog-image/910/772/096/b53fc115cabe424aa71fc9ce99014c9b.jpg?shrink=80:80,False,
2026-08-21,파워,"마이크로닉스,darkFlash",97566449,마이크로닉스 MTFX400STE08S 벌크,50050,TFX 파워/400W/전압변동:±0.5%/+12V 싱글레일/+12V 가용률:100%/액티브PFC/PF(역률):99%/80mm 팬/깊이:85mm/무상 2년/[커넥터]/메인전원:24핀/보조전원:(4+4)핀x1/SATA:5개/IDE 4핀:1개/[부가기능]/대기전력 1W 미만,https://img.danuri.io/catalog-image/449/566/097/1d7727b05e0840c0be401edde1f6c3bd.jpg?shrink=80:80,False,
2026-08-21,파워,"마이크로닉스,darkFlash",92482040,마이크로닉스 WIZMAX G-1200W 80PLUS골드 ATX3.1,240360,ATX 파워/1200W/80 PLUS 골드/케이블연결:풀모듈러/ETA인증:PLATINUM/LAMBDA인증:A/전압변동:±0.7%/+12V 싱글레일/+12V 가용률:100%/액티브PFC/PF(역률):99%/140mm 팬/깊이:150mm/무상 10년/[커넥터]/메인전원:24핀(20+4)/보조전원:(4+4)핀x2/PCIe 16핀(12+4):12V2x6 2개/PCIe 8핀(6+2):3개/SATA:8개/IDE 4핀:4개/[부가기능]/팬리스모드/자동 팬 조절/대기전력 1W 미만/프리볼트,https://img.danuri.io/catalog-image/040/482/092/35bb316d7fe74398b0e690ff0646fb71.jpg?shrink=80:80,False,
2026-08-21,파워,"마이크로닉스,darkFlash",104939303,마이크로닉스 Classic II 풀체인지 800W 80PLUS실버 ATX3.1 화이트,102220,"ATX 파워/800W/80 PLUS 실버/ETA인증:SILVER/LAMBDA인증:STANDARD+/전압변동:±0.49%/+12V 싱글레일/+12V 가용률:100%/액티브PFC/PF(역률):99%/120mm 팬/깊이:140mm/무상 7년/[커넥터]/메인전원:24핀/보조전원:8핀x1, (4+4)핀x1/PCIe 16핀(12+4):12V2x6 1개/PCIe 8핀(6+2):2개/SATA:8개/IDE 4핀:4개/[부가기능]/대기전력 1W 미만",https://img.danuri.io/catalog-image/303/939/104/d989df65e054473f9f687b86938a120d.jpg?shrink=80:80,False,
2026-08-21,파워,"마이크로닉스,darkFlash",90643607,마이크로닉스 WIZMAX G-1000W 80PLUS골드 ATX3.1,196640,ATX 파워/1000W/80 PLUS 골드/케이블연결:풀모듈러/ETA인증:GOLD/LAMBDA인증:A+/전압변동:±0.8%/+12V 싱글레일/+12V 가용률:100%/액티브PFC/PF(역률):99%/140mm 팬/깊이:150mm/무상 10년/[커넥터]/메인전원:24핀(20+4)/보조전원:(4+4)핀x2/PCIe 16핀(12+4):12V2x6 1개/PCIe 8핀(6+2):4개/SATA:8개/IDE 4핀:4개/[부가기능]/팬리스모드/자동 팬 조절/대기전력 1W 미만/프리볼트,https://img.danuri.io/catalog-image/607/643/090/ee27d0648b024abc98fbc4da1a98da8a.jpg?shrink=80:80,False,
2026-08-21,파워,"마이크로닉스,darkFlash",49642751,마이크로닉스 Classic II 풀체인지 800W 80PLUS브론즈 ATX3.1,95020,"ATX 파워/800W/80 PLUS 브론즈/ETA인증:SILVER/LAMBDA인증:STANDARD+/전압변동:±0.49%/+12V 싱글레일/+12V 가용률:100%/액티브PFC/PF(역률):99%/120mm 팬/깊이:140mm/무상 7년/[커넥터]/메인전원:24핀/보조전원:8핀x1, (4+4)핀x1/PCIe 16핀(12+4):12V2x6 1개/PCIe 8핀(6+2):2개/SATA:8개/IDE 4핀:4개/[부가기능]/팬리스모드/자동 팬 조절/대기전력 1W 미만/플랫케이블",https://img.danuri.io/catalog-image/751/642/049/e6822924f88340fc821b46c87db5310f.jpg?shrink=80:80,False,
2026-08-21,파워,"마이크로닉스,darkFlash",75939377,마이크로닉스 Classic II 1000W 80PLUS플래티넘 ATX3.1,245280,"ATX 파워/1000W/80 PLUS 플래티넘/케이블연결:풀모듈러/전압변동:±0.5%/+12V 싱글레일/깊이:140mm/무상 10년/[커넥터]/메인전원:24핀(20+4)/보조전원:8핀x1, (4+4)핀x1/PCIe 16핀(12+4):12V2x6 1개/PCIe 8핀(6+2):3개/SATA:10개/IDE 4핀:4개/FDD:1개/[부가기능]/팬리스모드/자동 팬 조절/대기전력 1W 미만/플랫케이블",https://img.danuri.io/catalog-image/377/939/075/09a3b757c8cd414998cdc4e633096ba3.jpg?shrink=80:80,False,
2026-08-21,파워,"마이크로닉스,darkFlash",10557909,마이크로닉스 Performance II PV 700W 80PLUS브론즈 FDB,134020,"ATX 파워/700W/80 PLUS 브론즈/케이블연결:케이블일체형/전압변동:±0.5%/+12V 싱글레일/+12V 가용률:100%/액티브PFC/PF(역률):99%/120mm 팬/깊이:140mm/무상 6년/[커넥터]/메인전원:24핀(20+4)/보조전원:8핀x1, (4+4)핀x1/PCIe 8핀(6+2):4개/SATA:6개/IDE 4핀:4개/FDD:1개/[부가기능]/자동 팬 조절/대기전력 1W 미만/프리볼트/플랫케이블/[변경사항]/23년 5월 커넥터 IDE+IDE 1줄, IDE+FDD 1줄  → IDE+IDE+IDE+FDD로 변경",https://img.danuri.io/catalog-image/909/557/010/753f44d4aa2047e196e39813a034783f.jpg?shrink=80:80,False,
2026-08-21,파워,"마이크로닉스,darkFlash",63482117,마이크로닉스 Classic II 풀체인지 900W 80PLUS실버 ATX3.1,111610,"ATX 파워/900W/80 PLUS 실버/ETA인증:SILVER/LAMBDA인증:STANDARD/전압변동:±1.5%/+12V 싱글레일/+12V 가용률:100%/액티브PFC/PF(역률):99%/120mm 팬/무상 7년/[커넥터]/메인전원:24핀(20+4)/보조전원:8핀x1, (4+4)핀x1/PCIe 16핀(12+4):12V2x6 1개/PCIe 8핀(6+2):4개/SATA:8개/IDE 4핀:3개/[부가기능]/자동 팬 조절/대기전력 1W 미만/플랫케이블",https://img.danuri.io/catalog-image/117/482/063/42968fa600fa4f17b6829cf80a1ae8cb.jpg?shrink=80:80,False,
2026-08-21,파워,"마이크로닉스,darkFlash",13934357,마이크로닉스 Classic II 풀체인지 700W 80PLUS브론즈 230V EU,0,"ATX 파워/700W/80 PLUS 브론즈/케이블연결:케이블일체형/ETA인증:BRONZE/LAMBDA인증:STANDARD/전압변동:±0.3%/+12V 싱글레일/+12V 가용률:100%/액티브PFC/PF(역률):99%/120mm 팬/깊이:140mm/무상 7년/[커넥터]/메인전원:24핀(20+4)/보조전원:8핀x1, (4+4)핀x1/PCIe 16핀(12+4):12VHPWR 1개/PCIe 8핀(6+2):2개/SATA:6개/IDE 4핀:4개/[부가기능]/팬리스모드/자동 팬 조절/대기전력 1W 미만/플랫케이블/[변경사항]/※ 80PLUS 인증 등급 상향: 스탠다드→브론즈 / 무상 보증 기한 연장: 6년→7년 // 23년 5월 PCIE 6+2 (4개) → PCIE 6+2 (2개), 12VHPWR 12+4 (1개)로 변경",https://img.danuri.io/catalog-image/357/934/013/79813c1760144cb698bf408716affe68.jpg?shrink=80:80,True,가격정보없음(판매준비/판매중지)
2026-08-21,파워,"마이크로닉스,darkFlash",98760842,마이크로닉스 COOLMAX ELITE II 600W,45480,ATX 파워/600W/케이블연결:케이블일체형/전압변동:±0.4%/+12V 싱글레일/+12V 가용률:100%/120mm 팬/깊이:140mm/무상 5년/[커넥터]/메인전원:24핀(20+4)/보조전원:(4+4)핀x1/PCIe 8핀(6+2):2개/SATA:4개/IDE 4핀:3개/[부가기능]/대기전력 1W 미만,https://img.danuri.io/catalog-image/842/760/098/61197b2a76764e45872d94ca1a71ede7.jpg?shrink=80:80,False,
2026-08-21,파워,"마이크로닉스,darkFlash",72979961,마이크로닉스 Classic II 풀체인지 550W 80PLUS스탠다드 ATX3.1,57120,ATX 파워/550W/80 PLUS 스탠다드/전압변동:±0.29%/+12V 싱글레일/+12V 가용률:100%/액티브PFC/PF(역률):99%/120mm 팬/깊이:140mm/무상 7년/[커넥터]/메인전원:24핀(20+4)/보조전원:(4+4)핀x1/PCIe 8핀(6+2):2개/SATA:4개/IDE 4핀:2개/[부가기능]/대기전력 1W 미만/플랫케이블,https://img.danuri.io/catalog-image/961/979/072/7b1dfaa23b3e463cac4701576752327d.jpg?shrink=80:80,False,
2026-08-21,파워,"마이크로닉스,darkFlash",75938654,darkFlash 퍼펙트모스트 850W 80PLUS골드 풀모듈러 ATX3.1 화이트,125400,ATX 파워/850W/80 PLUS 골드/케이블연결:풀모듈러/ETA인증:PLATINUM/LAMBDA인증:A-/+12V 싱글레일/+12V 가용률:100%/액티브PFC/PF(역률):99%/120mm 팬/깊이:140mm/무상 10년 /[커넥터]/메인전원:24핀(20+4)/보조전원:(4+4)핀x2/PCIe 16핀(12+4):12V2x6 1개/PCIe 8핀(6+2):3개/SATA:7개/IDE 4핀:5개/[부가기능]/팬리스모드/자동 팬 조절/대기전력 1W 미만,https://img.danuri.io/catalog-image/654/938/075/bd4335ab1a474bb28157004210926b00.jpg?shrink=80:80,False,
2026-08-21,파워,"마이크로닉스,darkFlash",88232360,마이크로닉스 Classic II 750W 80PLUS실버 모듈러 ATX3.1,97770,"ATX 파워/750W/80 PLUS 실버/케이블연결:세미모듈러/전압변동:±0.4%/+12V 싱글레일/+12V 가용률:100%/액티브PFC/PF(역률):99%/깊이:140mm/무상 7년/[커넥터]/메인전원:24핀(20+4)/보조전원:8핀x1, (4+4)핀x1/PCIe 16핀(12+4):12V2x6 1개/PCIe 8핀(6+2):2개/SATA:3개/IDE 4핀:2개/[부가기능]/팬리스모드/자동 팬 조절/대기전력 1W 미만/플랫케이블",https://img.danuri.io/catalog-image/360/232/088/e305fbee92644aefb781bdaeb58543ef.jpg?shrink=80:80,False,
2026-08-21,파워,"마이크로닉스,darkFlash",72979838,마이크로닉스 Classic II 풀체인지 750W 80PLUS스탠다드 ATX3.1,86240,"ATX 파워/750W/80 PLUS 스탠다드/전압변동:±0.38%/+12V 싱글레일/+12V 가용률:100%/액티브PFC/PF(역률):99%/120mm 팬/깊이:140mm/무상 7년/[커넥터]/메인전원:24핀(20+4)/보조전원:8핀x1, (4+4)핀x1/PCIe 16핀(12+4):12V2x6 1개/PCIe 8핀(6+2):2개/SATA:4개/IDE 4핀:2개/[부가기능]/플랫케이블/대기전력 1W 미만",https://img.danuri.io/catalog-image/838/979/072/de4bcfcc549745d2ac1f92a867376d63.jpg?shrink=80:80,False,
2026-08-21,파워,"마이크로닉스,darkFlash",49642352,마이크로닉스 Classic II 풀체인지 500W 80PLUS브론즈 ATX3.1,0,"ATX 파워/500W/80 PLUS 브론즈/ETA인증:BRONZE/LAMBDA인증:STANDARD++/전압변동:±0.3%/+12V 싱글레일/+12V 가용률:100%/액티브PFC/PF(역률):99%/120mm 팬/깊이:140mm/무상 7년/[커넥터]/메인전원:24핀(20+4)/보조전원:8핀x1, 4핀x1/PCIe 8핀(6+2):2개/SATA:6개/IDE 4핀:3개/[부가기능]/팬리스모드/자동 팬 조절/대기전력 1W 미만/플랫케이블",https://img.danuri.io/catalog-image/352/642/049/9a7ac7a6e51f4f13ae166309129c97af.jpg?shrink=80:80,True,가격정보없음(판매준비/판매중지)
2026-08-21,파워,"마이크로닉스,darkFlash",33386042,마이크로닉스 ASTRO II PT 1300W 80PLUS플래티넘 풀모듈러 ATX3.1,295650,"ATX 파워/1300W/80 PLUS 플래티넘/케이블연결:풀모듈러/전압변동:±0.6%/+12V 싱글레일/액티브PFC/PF(역률):99%/깊이:150mm/무상 10년/[커넥터]/메인전원:24핀(20+4)/보조전원:8핀x1, (4+4)핀x1/PCIe 16핀(12+4):12V2x6 2개/PCIe 8핀(6+2):3개/SATA:10개/IDE 4핀:4개/FDD:1개/[부가기능]/팬리스모드/자동 팬 조절/프리볼트/플랫케이블",https://img.danuri.io/catalog-image/042/386/033/212c9f57c105493c83e77eb1b1fc4ed2.jpg?shrink=80:80,False,
2026-08-21,파워,"마이크로닉스,darkFlash",21651302,darkFlash SAVEMOST 500W 블랙,38700,ATX 파워/500W/케이블연결:케이블일체형/+12V 싱글레일/+12V 가용률:91%/액티브PFC/PF(역률):99%/120mm 팬/깊이:140mm/무상 3년/[커넥터]/메인전원:24핀(20+4)/보조전원:(4+4)핀x1/PCIe 8핀(6+2):1개/SATA:4개/IDE 4핀:3개/자동 팬 조절/대기전력 1W 미만/플랫케이블,https://img.danuri.io/catalog-image/302/651/021/15eb70a03d2243999e1d7f91e988fd84.jpg?shrink=80:80,False,
2026-08-21,파워,"마이크로닉스,darkFlash",98760803,마이크로닉스 COOLMAX ELITE II 500W,39440,ATX 파워/500W/케이블연결:케이블일체형/전압변동:±0.3%/+12V 싱글레일/+12V 가용률:100%/120mm 팬/깊이:140mm/무상 5년/[커넥터]/메인전원:24핀(20+4)/보조전원:(4+4)핀x1/PCIe 8핀(6+2):2개/SATA:4개/IDE 4핀:3개/[부가기능]/대기전력 1W 미만,https://img.danuri.io/catalog-image/803/760/098/48a1c866618d436a847ba64e52a6326f.jpg?shrink=80:80,False,
2026-08-21,파워,"마이크로닉스,darkFlash",21651530,darkFlash SAVEMOST 700W 블랙,49150,ATX 파워/700W/케이블연결:케이블일체형/+12V 싱글레일/+12V 가용률:92%/액티브PFC/PF(역률):99%/120mm 팬/깊이:140mm/무상 3년/[커넥터]/메인전원:24핀(20+4)/보조전원:(4+4)핀x1/PCIe 8핀(6+2):2개/SATA:5개/IDE 4핀:3개/자동 팬 조절/대기전력 1W 미만/플랫케이블,https://img.danuri.io/catalog-image/530/651/021/199cd8d7ad6649bab92a3ff5b216bd07.jpg?shrink=80:80,False,
2026-08-21,파워,"마이크로닉스,darkFlash",69468953,마이크로닉스 Classic II 1050W 80PLUS골드 풀모듈러 ATX3.1 화이트,195540,"ATX 파워/1050W/80 PLUS 골드/케이블연결:풀모듈러/전압변동:±0.1%/+12V 싱글레일/+12V 가용률:100%/액티브PFC/PF(역률):99%/120mm 팬/깊이:140mm/무상 10년/[커넥터]/메인전원:24핀(20+4)/보조전원:8핀x1, (4+4)핀x1/PCIe 16핀(12+4):12V2x6 1개/PCIe 8핀(6+2):3개/SATA:8개/IDE 4핀:4개/FDD:1개/[부가기능]/팬리스모드/자동 팬 조절/대기전력 1W 미만/플랫케이블/제로팬모드 / 메쉬케이블",https://img.danuri.io/catalog-image/953/468/069/5d5db96646d3415ab827a0b79b862d70.jpeg?shrink=80:80,False,
2026-08-21,파워,"마이크로닉스,darkFlash",54314609,마이크로닉스 Classic II 750W 80PLUS골드 풀모듈러 ATX3.1 화이트,136400,"ATX 파워/750W/80 PLUS 골드/케이블연결:풀모듈러/전압변동:±0.2%/+12V 싱글레일/+12V 가용률:100%/액티브PFC/PF(역률):99%/120mm 팬/깊이:140mm/[커넥터]/메인전원:24핀(20+4)/보조전원:8핀x1, (4+4)핀x1/PCIe 16핀(12+4):12V2x6 1개/PCIe 8핀(6+2):2개/SATA:8개/IDE 4핀:4개/FDD:1개/[부가기능]/팬리스모드/자동 팬 조절/대기전력 1W 미만/플랫케이블",https://img.danuri.io/catalog-image/609/314/054/27d2412fe598429cb556d1f2342cf494.jpg?shrink=80:80,False,
2026-08-21,파워,"마이크로닉스,darkFlash",105679316,마이크로닉스 Compact SFX 700W 80PLUS플래티넘 풀모듈러 ATX 3.1,197800,M-ATX(SFX) 파워/700W/80 PLUS 플래티넘/케이블연결:풀모듈러/+12V 싱글레일/+12V 가용률:100%/액티브PFC/PF(역률):99%/92mm 팬/무상 10년/메인전원:24핀(20+4)/보조전원:(4+4)핀x1/PCIe 16핀(12+4):12V2x6 1개/PCIe 8핀(6+2):4개/SATA:6개/IDE 4핀:3개/FDD:1개/대기전력 1W 미만/프리볼트/플랫케이블,https://img.danuri.io/catalog-image/316/679/105/d88ea2c0ad084e6088ccea61a86d38f2.jpg?shrink=80:80,False,
2026-08-21,파워,"마이크로닉스,darkFlash",46888478,마이크로닉스 Classic II 풀체인지 600W 80PLUS브론즈 ATX3.1 화이트,69130,"ATX 파워/600W/80 PLUS 브론즈/케이블연결:케이블일체형/ETA인증:BRONZE/LAMBDA인증:STANDARD+/전압변동:±0.3%/+12V 싱글레일/+12V 가용률:100%/액티브PFC/PF(역률):99%/120mm 팬/깊이:140mm/무상 7년/[커넥터]/메인전원:24핀/보조전원:8핀x1, 4핀x1/PCIe 8핀(6+2):2개/SATA:6개/IDE 4핀:4개/[부가기능]/팬리스모드/자동 팬 조절/대기전력 1W 미만/플랫케이블/[변경사항]/25년 12월 메인전원 24핀(20+4)⇢24핀으로 변경",https://img.danuri.io/catalog-image/478/888/046/bc949c1bab7d4f128cd7dd01a853b2d1.jpg?shrink=80:80,False,
2026-08-21,파워,"마이크로닉스,darkFlash",90643544,마이크로닉스 WIZMAX G-850W 80PLUS골드 ATX3.1,157590,ATX 파워/850W/80 PLUS 골드/케이블연결:풀모듈러/ETA인증:PLATINUM/LAMBDA인증:A+/전압변동:±0.6%/+12V 싱글레일/+12V 가용률:100%/액티브PFC/PF(역률):99%/140mm 팬/깊이:150mm/무상 10년/[커넥터]/메인전원:24핀(20+4)/보조전원:(4+4)핀x2/PCIe 16핀(12+4):12V2x6 1개/PCIe 8핀(6+2):3개/SATA:8개/IDE 4핀:4개/[부가기능]/팬리스모드/자동 팬 조절/대기전력 1W 미만/프리볼트,https://img.danuri.io/catalog-image/544/643/090/94dd3254e91b4bd88a0630f033ea59b3.jpg?shrink=80:80,False,
2026-08-21,파워,"마이크로닉스,darkFlash",6324846,마이크로닉스 Compact SFX 450W 80PLUS브론즈,97640,M-ATX(SFX) 파워/450W/80 PLUS 브론즈/케이블연결:케이블일체형/+12V 싱글레일/액티브PFC/80mm 팬/깊이:100mm/무상 3년/[커넥터]/메인전원:24핀(20+4)/PCIe 8핀(6+2):1개/PCIe 6핀:1개/SATA:4개/IDE 4핀:2개/[부가기능]/대기전력 1W 미만/프리볼트,https://img.danuri.io/catalog-image/846/324/006/171c58e2cbac4bd7bae2d51da6cf0a21.jpg?shrink=80:80,False,
2026-08-21,파워,"마이크로닉스,darkFlash",10054617,마이크로닉스 Performance II HV 1000W 80PLUS브론즈 FDB,196900,"ATX 파워/1000W/80 PLUS 브론즈/케이블연결:세미모듈러/+12V 싱글레일/+12V 가용률:99%/액티브PFC/PF(역률):99%/135mm 팬/깊이:160mm/무상 6년/[커넥터]/메인전원:24핀(20+4)/보조전원:8핀x1, (4+4)핀x1/PCIe 8핀(6+2):6개/SATA:12개/IDE 4핀:5개/FDD:1개/[부가기능]/자동 팬 조절/대기전력 1W 미만/프리볼트/플랫케이블",https://img.danuri.io/catalog-image/617/054/010/d2ee9e97f2414f65b343c40d31fc1449.jpg?shrink=80:80,False,
2026-08-21,파워,"마이크로닉스,darkFlash",16566995,마이크로닉스 COOLMAX VISION II 500W,41630,ATX 파워/500W/케이블연결:케이블일체형/전압변동:±0.3%/+12V 싱글레일/+12V 가용률:100%/120mm 팬/깊이:140mm/무상 5년/[커넥터]/메인전원:24핀(20+4)/보조전원:(4+4)핀x1/PCIe 8핀(6+2):2개/SATA:5개/IDE 4핀:3개/[부가기능]/대기전력 1W 미만,https://img.danuri.io/catalog-image/995/566/016/a76b1c9217994d41ad270d9d5c4724f3.jpg?shrink=80:80,False,
2026-08-21,파워,"마이크로닉스,darkFlash",97356731,darkFlash 퍼펙트모스트 800W 80PLUS브론즈 ATX3.1 블랙,78650,"ATX 파워/800W/80 PLUS 브론즈/케이블연결:케이블일체형/전압변동:±0.7%/+12V 싱글레일/+12V 가용률:100%/액티브PFC/PF(역률):99%/120mm 팬/깊이:150mm/무상 7년/[커넥터]/메인전원:24핀(20+4)/보조전원:8핀x1, (4+4)핀x1/PCIe 16핀(12+4):12V2x6 1개/PCIe 8핀(6+2):3개/SATA:6개/IDE 4핀:3개/[부가기능]/자동 팬 조절/대기전력 1W 미만/플랫케이블",https://img.danuri.io/catalog-image/731/356/097/fd34fe6536874dbb85f02da4934a7026.jpg?shrink=80:80,False,
2026-08-21,파워,"마이크로닉스,darkFlash",103480535,마이크로닉스 COOLMAX ELITE II 700W,55370,"ATX 파워/700W/전압변동:±0.4%/+12V 싱글레일/+12V 가용률:100%/120mm 팬/깊이:140mm/무상 5년/[커넥터]/메인전원:24핀(20+4)/보조전원:8핀x1, (4+4)핀x1/PCIe 8핀(6+2):4개/SATA:4개/IDE 4핀:3개/[부가기능]/대기전력 1W 미만",https://img.danuri.io/catalog-image/535/480/103/5c8247b74d664857ba301be6f80ba6fd.jpg?shrink=80:80,False,
2026-08-21,파워,"마이크로닉스,darkFlash",97954838,마이크로닉스 Classic II 1200W 80PLUS골드 풀모듈러 화이트 ATX3.1,216410,"ATX 파워/1200W/80 PLUS 골드/케이블연결:풀모듈러/전압변동:±1.2%/+12V 싱글레일/+12V 가용률:100%/액티브PFC/PF(역률):99%/135mm 팬/깊이:150mm/무상 10년/[커넥터]/메인전원:24핀/보조전원:8핀x1, (4+4)핀x1/PCIe 16핀(12+4):12V2x6 1개/PCIe 8핀(6+2):3개/SATA:8개/IDE 4핀:4개/FDD:1개/[부가기능]/자동 팬 조절/대기전력 1W 미만/프리볼트/제로팬모드 / 메쉬케이블",https://img.danuri.io/catalog-image/838/954/097/cee498892f6b439986f96c4e9bdde3df.jpg?shrink=80:80,False,
2026-08-21,파워,"마이크로닉스,darkFlash",78174245,마이크로닉스 Classic II 1300W 80PLUS플래티넘 ATX3.1,294560,"ATX 파워/1300W/80 PLUS 플래티넘/케이블연결:풀모듈러/ETA인증:PLATINUM/LAMBDA인증:STANDARD/전압변동:±0.6%/+12V 싱글레일/+12V 가용률:99%/액티브PFC/PF(역률):99%/깊이:140mm/무상 10년/[커넥터]/메인전원:24핀(20+4)/보조전원:8핀x1, (4+4)핀x1/PCIe 16핀(12+4):12V2x6 2개/PCIe 8핀(6+2):3개/SATA:10개/IDE 4핀:4개/FDD:1개/[부가기능]/팬리스모드/자동 팬 조절/대기전력 1W 미만/프리볼트/플랫케이블",https://img.danuri.io/catalog-image/245/174/078/68bfc5068a944b8aac9e44a6e81f1c2a.jpg?shrink=80:80,False,
2026-08-21,파워,"마이크로닉스,darkFlash",98242712,마이크로닉스 WIZMAX G-1650W 80PLUS골드 ATX3.1,491660,ATX 파워/1650W/80 PLUS 골드/케이블연결:풀모듈러/전압변동:±0.3%/+12V 싱글레일/+12V 가용률:100%/액티브PFC/PF(역률):99%/135mm 팬/깊이:180mm/무상 10년/[커넥터]/메인전원:24핀(20+4)/보조전원:(4+4)핀x2/PCIe 16핀(12+4):12V2x6 2개/PCIe 8핀(6+2):9개/SATA:16개/IDE 4핀:6개/FDD:1개/[부가기능]/팬리스모드/자동 팬 조절/대기전력 1W 미만/프리볼트/플랫케이블,https://img.danuri.io/catalog-image/712/242/098/0cf1094f14f24f80b8bcdc3fa10c5a44.jpg?shrink=80:80,False,
2026-08-21,파워,"마이크로닉스,darkFlash",2716389,마이크로닉스 Compact SFX 300W 80PLUS브론즈,64900,M-ATX(SFX) 파워/300W/80 PLUS 브론즈/케이블연결:케이블일체형/+12V 싱글레일/액티브PFC/80mm 팬/무상 3년/[커넥터]/PCIe 8핀(6+2):1개/PCIe 6핀:1개/SATA:3개/IDE 4핀:2개/[부가기능]/대기전력 1W 미만/프리볼트,https://img.danuri.io/catalog-image/389/716/002/9e82f05846864a199c7f42fe02dc90c4.jpg?shrink=80:80,False,
2026-08-21,파워,"마이크로닉스,darkFlash",44906339,마이크로닉스 Classic II 풀체인지 700W 80PLUS브론즈 ATX3.1 화이트,91180,"ATX 파워/700W/80 PLUS 브론즈/케이블연결:케이블일체형/ETA인증:BRONZE/LAMBDA인증:STANDARD/+12V 싱글레일/+12V 가용률:100%/액티브PFC/PF(역률):99%/120mm 팬/깊이:140mm/무상 7년/[커넥터]/메인전원:24핀(20+4)/보조전원:8핀x1, (4+4)핀x1/PCIe 16핀(12+4):12V2x6 1개/PCIe 8핀(6+2):2개/SATA:6개/IDE 4핀:4개/[부가기능]/팬리스모드/자동 팬 조절/대기전력 1W 미만/플랫케이블",https://img.danuri.io/catalog-image/339/906/044/82fabe4af5fc4e84bf06b19ab3dde939.jpg?shrink=80:80,False,
2026-08-21,파워,"마이크로닉스,darkFlash",6426892,마이크로닉스 Compact SFX 400W 80PLUS브론즈,86350,M-ATX(SFX) 파워/400W/80 PLUS 브론즈/케이블연결:케이블일체형/+12V 싱글레일/액티브PFC/80mm 팬/깊이:100mm/무상 3년/[커넥터]/메인전원:24핀(20+4)/PCIe 8핀(6+2):1개/PCIe 6핀:1개/SATA:4개/IDE 4핀:2개/[부가기능]/대기전력 1W 미만/프리볼트,https://img.danuri.io/catalog-image/892/426/006/663f8cf09fdf4323b57190b689d56023.jpg?shrink=80:80,False,
2026-08-21,파워,"마이크로닉스,darkFlash",122634894,마이크로닉스 ASTRO II PT 1000W 80PLUS플래티넘 풀모듈러 ATX3.1,256300,"ATX 파워/1000W/80 PLUS 플래티넘/케이블연결:풀모듈러/+12V 싱글레일/+12V 가용률:100%/액티브PFC/PF(역률):99%/깊이:140mm/무상 10년/[커넥터]/메인전원:24핀(20+4)/보조전원:8핀x1, (4+4)핀x1/PCIe 16핀(12+4):12V2x6 3개/PCIe 8핀(6+2):3개/SATA:10개/IDE 4핀:4개/FDD:1개/[부가기능]/팬리스모드/자동 팬 조절/대기전력 1W 미만/프리볼트/플랫케이블",https://img.danuri.io/catalog-image/894/634/122/75d69b36fd3e4846983e452418505779.jpeg?shrink=80:80,False,
2026-08-21,파워,"마이크로닉스,darkFlash",99732509,마이크로닉스 COOLMAX FOCUS II 900W ETA실버 ATX3.1,88000,"ATX 파워/900W/ETA인증:SILVER/LAMBDA인증:STANDARD/+12V 싱글레일/+12V 가용률:100%/액티브PFC/PF(역률):99%/120mm 팬/깊이:140mm/무상 5년/[커넥터]/메인전원:24핀(20+4)/보조전원:8핀x1, (4+4)핀x1/PCIe 16핀(12+4):12V2x6 1개/PCIe 8핀(6+2):4개/SATA:6개/IDE 4핀:3개/[부가기능]/대기전력 1W 미만/플랫케이블",https://img.danuri.io/catalog-image/509/732/099/1a80f831031f4c0abed843aa48e53982.jpg?shrink=80:80,False,
2026-08-21,파워,"마이크로닉스,darkFlash",75938603,darkFlash 퍼펙트모스트 750W 80PLUS골드 풀모듈러 ATX3.1 화이트,114950,ATX 파워/750W/80 PLUS 골드/케이블연결:풀모듈러/+12V 싱글레일/+12V 가용률:100%/액티브PFC/PF(역률):99%/120mm 팬/깊이:140mm/무상 10년 /[커넥터]/메인전원:24핀(20+4)/보조전원:(4+4)핀x2/PCIe 16핀(12+4):12V2x6 1개/PCIe 8핀(6+2):2개/SATA:5개/IDE 4핀:3개/[부가기능]/팬리스모드/자동 팬 조절/대기전력 1W 미만,https://img.danuri.io/catalog-image/603/938/075/1077b5ef0c1042ee88489d54789b9477.jpg?shrink=80:80,False,
2026-08-21,파워,"마이크로닉스,darkFlash",28549583,마이크로닉스 COOLMAX FOCUS II 500W ETA BRONZE,47130,ATX 파워/500W/ETA인증:BRONZE/LAMBDA인증:A-/+12V 싱글레일/액티브PFC/PF(역률):99%/120mm 팬/깊이:140mm/무상 5년/[커넥터]/메인전원:24핀(20+4)/보조전원:(4+4)핀x1/PCIe 8핀(6+2):2개/SATA:5개/IDE 4핀:3개/대기전력 1W 미만/플랫케이블,https://img.danuri.io/catalog-image/583/549/028/7df541f34a8d4375ac0fee5e08828de4.jpg?shrink=80:80,False,
2026-08-21,파워,"마이크로닉스,darkFlash",51817283,마이크로닉스 COOLMAX FOCUS II 600W ETA BRONZE,54160,ATX 파워/600W/ETA인증:BRONZE/LAMBDA인증:STANDARD+/+12V 싱글레일/액티브PFC/PF(역률):99%/120mm 팬/깊이:140mm/무상 5년/[커넥터]/메인전원:24핀(20+4)/보조전원:(4+4)핀x1/PCIe 8핀(6+2):2개/SATA:5개/IDE 4핀:3개/[부가기능]/대기전력 1W 미만/플랫케이블,https://img.danuri.io/catalog-image/283/817/051/6afcda17b091404183dc74640f12dcda.jpg?shrink=80:80,False,
2026-08-21,파워,"마이크로닉스,darkFlash",89862101,마이크로닉스 WIZMAX P-2500W 80PLUS플래티넘 ATX3.1,788400,ATX 파워/2500W/80 PLUS 플래티넘/케이블연결:풀모듈러/전압변동:±1.3%/+12V 싱글레일/+12V 가용률:100%/135mm 팬/깊이:200mm/무상 10년/[커넥터]/메인전원:24핀/보조전원:(4+4)핀x2/PCIe 16핀(12+4):12V2x6 4개/PCIe 8핀(6+2):7개/SATA:11개/IDE 4핀:4개/[부가기능]/팬리스모드/자동 팬 조절/대기전력 1W 미만/플랫케이블,https://img.danuri.io/catalog-image/101/862/089/1bb8841f10974097af5c102b2f5dd7f5.jpg?shrink=80:80,False,
2026-08-21,파워,"마이크로닉스,darkFlash",122720249,마이크로닉스 WIZMAX 850W 80PLUS골드 ATX 3.1,114830,ATX 파워/850W/80 PLUS 골드/+12V 싱글레일/+12V 가용률:100%/액티브PFC/PF(역률):99%/120mm 팬/무상 7년/[커넥터]/메인전원:24핀(20+4)/보조전원:(4+4)핀x1/PCIe 16핀(12+4):12V2x6 1개/PCIe 8핀(6+2):2개/SATA:8개/IDE 4핀:4개/[부가기능]/대기전력 1W 미만/프리볼트,https://img.danuri.io/catalog-image/249/720/122/50a6abad51d7499eaeed2e7bcceef606.jpeg?shrink=80:80,False,
2026-08-21,파워,"마이크로닉스,darkFlash",75938597,darkFlash 퍼펙트모스트 750W 80PLUS골드 풀모듈러 ATX3.1 블랙,108900,ATX 파워/750W/80 PLUS 골드/케이블연결:풀모듈러/+12V 싱글레일/+12V 가용률:100%/액티브PFC/PF(역률):99%/120mm 팬/깊이:140mm/무상 10년 /[커넥터]/메인전원:24핀(20+4)/보조전원:(4+4)핀x2/PCIe 16핀(12+4):12V2x6 1개/PCIe 8핀(6+2):2개/SATA:5개/IDE 4핀:3개/[부가기능]/팬리스모드/자동 팬 조절/대기전력 1W 미만,https://img.danuri.io/catalog-image/597/938/075/6324ed74b6e94c5dbf2e47ace66e265d.jpg?shrink=80:80,False,
2026-08-21,파워,"마이크로닉스,darkFlash",16567067,마이크로닉스 COOLMAX VISION II 600W,48780,ATX 파워/600W/케이블연결:케이블일체형/전압변동:±0.8%/+12V 싱글레일/+12V 가용률:100%/120mm 팬/깊이:140mm/무상 5년/[커넥터]/메인전원:24핀(20+4)/보조전원:(4+4)핀x1/PCIe 8핀(6+2):2개/SATA:4개/IDE 4핀:3개/[부가기능]/대기전력 1W 미만,https://img.danuri.io/catalog-image/067/567/016/2d431e14725d47b3b06ed972105c368a.jpg?shrink=80:80,False,
2026-08-21,파워,"마이크로닉스,darkFlash",122720233,마이크로닉스 WIZMAX 750W 80PLUS골드 ATX 3.1,94860,ATX 파워/750W/80 PLUS 골드/+12V 싱글레일/+12V 가용률:100%/액티브PFC/PF(역률):99%/120mm 팬/무상 7년/[커넥터]/메인전원:24핀(20+4)/보조전원:(4+4)핀x1/PCIe 16핀(12+4):12V2x6 1개/PCIe 8핀(6+2):2개/SATA:6개/IDE 4핀:4개/[부가기능]/대기전력 1W 미만/프리볼트,https://img.danuri.io/catalog-image/233/720/122/34f178065fef43f7ab688c0c0029d27c.jpeg?shrink=80:80,False,
2026-08-21,파워,"마이크로닉스,darkFlash",122634611,마이크로닉스 ASTRO II PT 850W 80PLUS플래티넘 풀모듈러 ATX3.1,216700,"ATX 파워/850W/80 PLUS 플래티넘/케이블연결:풀모듈러/+12V 싱글레일/+12V 가용률:100%/액티브PFC/PF(역률):99%/깊이:140mm/무상 10년/[커넥터]/메인전원:24핀(20+4)/보조전원:8핀x1, (4+4)핀x1/PCIe 16핀(12+4):12V2x6 1개/PCIe 8핀(6+2):3개/SATA:8개/IDE 4핀:4개/FDD:1개/[부가기능]/팬리스모드/자동 팬 조절/대기전력 1W 미만/프리볼트/플랫케이블",https://img.danuri.io/catalog-image/611/634/122/20d91e368fe54a16afdd767377c54537.jpeg?shrink=80:80,False,
2026-08-21,파워,"마이크로닉스,darkFlash",99732404,마이크로닉스 COOLMAX FOCUS II 700W ETA브론즈 ATX3.1,68440,"ATX 파워/700W/ETA인증:BRONZE/LAMBDA인증:STANDARD+/+12V 싱글레일/+12V 가용률:100%/액티브PFC/PF(역률):99%/120mm 팬/깊이:140mm/무상 5년/[커넥터]/메인전원:24핀(20+4)/보조전원:8핀x1, 4핀x1/PCIe 16핀(12+4):12V2x6 1개/PCIe 8핀(6+2):2개/SATA:5개/IDE 4핀:3개/[부가기능]/대기전력 1W 미만/플랫케이블",https://img.danuri.io/catalog-image/404/732/099/521bad26561e45d2ba05fad060eeeee7.jpg?shrink=80:80,False,
2026-08-21,파워,"마이크로닉스,darkFlash",97356671,darkFlash 퍼펙트모스트 700W 80PLUS브론즈 ATX3.1 블랙,69300,"ATX 파워/700W/80 PLUS 브론즈/케이블연결:케이블일체형/전압변동:±0.6%/+12V 싱글레일/+12V 가용률:100%/액티브PFC/PF(역률):99%/120mm 팬/깊이:150mm/무상 7년/[커넥터]/메인전원:24핀(20+4)/보조전원:8핀x1, (4+4)핀x1/PCIe 16핀(12+4):12V2x6 1개/PCIe 8핀(6+2):2개/SATA:6개/IDE 4핀:3개/[부가기능]/자동 팬 조절/대기전력 1W 미만/플랫케이블",https://img.danuri.io/catalog-image/671/356/097/ac15aa342b734055a189688eaa812836.jpg?shrink=80:80,False,
2026-08-21,파워,"마이크로닉스,darkFlash",74484791,마이크로닉스 WIZMAX 850W 80PLUS실버 ATX3.1,108760,"ATX 파워/850W/80 PLUS 실버/전압변동:±0.9%/+12V 싱글레일/+12V 가용률:100%/액티브PFC/PF(역률):99%/120mm 팬/깊이:140mm/무상 6년/[커넥터]/메인전원:24핀(20+4)/보조전원:8핀x1, (4+4)핀x1/PCIe 16핀(12+4):12V2x6 1개/PCIe 8핀(6+2):2개/SATA:8개/IDE 4핀:4개/[부가기능]/자동 팬 조절/대기전력 1W 미만/프리볼트/플랫케이블",https://img.danuri.io/catalog-image/791/484/074/63e6c5a4c6904f8c8b6354b109ab4b9b.jpg?shrink=80:80,False,
2026-08-21,파워,"마이크로닉스,darkFlash",97356740,darkFlash 퍼펙트모스트 800W 80PLUS브론즈 ATX3.1 화이트,81950,"ATX 파워/800W/80 PLUS 브론즈/케이블연결:케이블일체형/전압변동:±0.7%/+12V 싱글레일/+12V 가용률:100%/액티브PFC/PF(역률):99%/120mm 팬/깊이:150mm/무상 7년/[커넥터]/메인전원:24핀(20+4)/보조전원:8핀x1, (4+4)핀x1/PCIe 16핀(12+4):12V2x6 1개/PCIe 8핀(6+2):3개/SATA:6개/IDE 4핀:3개/[부가기능]/자동 팬 조절/대기전력 1W 미만/플랫케이블",https://img.danuri.io/catalog-image/740/356/097/5811bdb8325b4b969e67a53f3eda4ee3.jpg?shrink=80:80,False,
2026-08-21,파워,"마이크로닉스,darkFlash",2717067,마이크로닉스 Compact SFX 350W 80PLUS브론즈,74250,M-ATX(SFX) 파워/350W/80 PLUS 브론즈/케이블연결:케이블일체형/+12V 싱글레일/액티브PFC/80mm 팬/무상 3년/[커넥터]/메인전원:24핀(20+4)/PCIe 8핀(6+2):1개/PCIe 6핀:1개/SATA:3개/IDE 4핀:2개/[부가기능]/대기전력 1W 미만/프리볼트,https://img.danuri.io/catalog-image/067/717/002/fa8a7cdc6a494121b73354681f375e14.jpg?shrink=80:80,False,
2026-08-21,파워,"마이크로닉스,darkFlash",27942170,마이크로닉스 ASTRO II PT 1000W 80PLUS플래티넘 풀모듈러 ATX3.0,255140,ATX 파워/1000W/80 PLUS 플래티넘/케이블연결:풀모듈러/전압변동:±0.5%/+12V 싱글레일/+12V 가용률:100%/액티브PFC/PF(역률):99%/깊이:140mm/무상 10년/[커넥터]/메인전원:24핀(20+4)/보조전원:8핀x2/PCIe 16핀(12+4):12VHPWR 1개/PCIe 8핀(6+2):3개/SATA:10개/IDE 4핀:4개/FDD:1개/[부가기능]/팬리스모드/자동 팬 조절/프리볼트/플랫케이블,https://img.danuri.io/catalog-image/170/942/027/77fc600718fd429eac872dce5f4d1a8d.jpg?shrink=80:80,False,
2026-08-21,파워,"마이크로닉스,darkFlash",16567229,마이크로닉스 COOLMAX VISION II 800W,72940,ATX 파워/800W/케이블연결:케이블일체형/전압변동:±1%/+12V 싱글레일/+12V 가용률:100%/120mm 팬/깊이:140mm/무상 5년/[커넥터]/메인전원:24핀(20+4)/보조전원:(4+4)핀x1/PCIe 8핀(6+2):4개/SATA:6개/IDE 4핀:4개/[부가기능]/대기전력 1W 미만,https://img.danuri.io/catalog-image/229/567/016/1203beffbb3b429db7f6e073ebdee60d.jpg?shrink=80:80,False,
2026-08-21,파워,"마이크로닉스,darkFlash",50124029,마이크로닉스 Classic II 풀체인지 800W 80PLUS브론즈 ATX3.1 화이트,99000,"ATX 파워/800W/80 PLUS 브론즈/ETA인증:SILVER/LAMBDA인증:STANDARD+/전압변동:±0.6%/+12V 싱글레일/+12V 가용률:100%/액티브PFC/PF(역률):99%/120mm 팬/깊이:140mm/무상 7년/[커넥터]/메인전원:24핀(20+4)/보조전원:8핀x1, (4+4)핀x1/PCIe 16핀(12+4):12V2x6 1개/PCIe 8핀(6+2):2개/SATA:8개/IDE 4핀:4개/[부가기능]/팬리스모드/자동 팬 조절/대기전력 1W 미만/플랫케이블",https://img.danuri.io/catalog-image/029/124/050/2cbd04c377b745b69ec0c7bd79111c62.jpg?shrink=80:80,False,
2026-08-21,파워,"마이크로닉스,darkFlash",10557888,마이크로닉스 Performance II PV 600W 80PLUS브론즈 FDB,113150,"ATX 파워/600W/80 PLUS 브론즈/케이블연결:케이블일체형/전압변동:±0.5%/+12V 싱글레일/+12V 가용률:100%/액티브PFC/PF(역률):99%/120mm 팬/깊이:140mm/무상 6년/[커넥터]/메인전원:24핀(20+4)/보조전원:8핀x1, 4핀x1/PCIe 8핀(6+2):2개/SATA:6개/IDE 4핀:4개/FDD:1개/[부가기능]/자동 팬 조절/대기전력 1W 미만/프리볼트/플랫케이블/[변경사항]/23년 5월 커넥터 IDE+IDE 1줄, IDE+FDD 1줄  → IDE+IDE+IDE+FDD로 변경",https://img.danuri.io/catalog-image/888/557/010/d95b036bbfd94e32b99b29ccf8c87c84.jpg?shrink=80:80,False,
2026-08-21,파워,"마이크로닉스,darkFlash",20628080,마이크로닉스 WIZMAX 750W 80PLUS실버 ATX3.0,88980,"ATX 파워/750W/80 PLUS 실버/전압변동:±0.9%/+12V 싱글레일/+12V 가용률:100%/액티브PFC/PF(역률):99%/120mm 팬/깊이:140mm/무상 6년/[커넥터]/메인전원:24핀(20+4)/보조전원:8핀x1, (4+4)핀x1/PCIe 16핀(12+4):12VHPWR 1개/PCIe 8핀(6+2):2개/SATA:6개/IDE 4핀:2개/[부가기능]/자동 팬 조절/대기전력 1W 미만/프리볼트/플랫케이블",https://img.danuri.io/catalog-image/080/628/020/553c726136b642348d2424e8c95496b9.jpg?shrink=80:80,False,
2026-08-21,파워,"마이크로닉스,darkFlash",8431077,마이크로닉스 Classic II 800W 80PLUS 230V EU,0,"ATX 파워/800W/80 PLUS 스탠다드/케이블연결:케이블일체형/+12V 싱글레일/+12V 가용률:100%/액티브PFC/PF(역률):99%/120mm 팬/깊이:140mm/무상 6년/[커넥터]/메인전원:24핀(20+4)/보조전원:8핀x1, (4+4)핀x1/PCIe 8핀(6+2):4개/SATA:8개/IDE 4핀:4개/FDD:1개/[부가기능]/팬리스모드/자동 팬 조절/대기전력 1W 미만/플랫케이블",https://img.danuri.io/catalog-image/077/431/008/445ba4ef002d43b09d523895c9deef96.jpg?shrink=80:80,True,가격정보없음(판매준비/판매중지)
2026-08-21,파워,"마이크로닉스,darkFlash",74484749,마이크로닉스 WIZMAX 750W 80PLUS실버 ATX3.1,88980,"ATX 파워/750W/80 PLUS 실버/전압변동:±0.9%/+12V 싱글레일/+12V 가용률:100%/액티브PFC/PF(역률):99%/120mm 팬/깊이:140mm/무상 6년/[커넥터]/메인전원:24핀(20+4)/보조전원:8핀x1, (4+4)핀x1/PCIe 16핀(12+4):12V2x6 1개/PCIe 8핀(6+2):2개/SATA:6개/IDE 4핀:4개/[부가기능]/플랫케이블/대기전력 1W 미만/자동 팬 조절/프리볼트",https://img.danuri.io/catalog-image/749/484/074/991d6eccb7144a97ab9bf0f410ba33a1.jpg?shrink=80:80,False,
2026-08-21,파워,"마이크로닉스,darkFlash",1928750,마이크로닉스 Classic II 600W 80PLUS 230V EU,0,"ATX 파워/600W/80 PLUS 스탠다드/케이블연결:케이블일체형/+12V 싱글레일/+12V 가용률:90%/액티브PFC/PF(역률):99%/120mm 팬/깊이:140mm/무상 6년/[커넥터]/메인전원:24핀(20+4)/보조전원:8핀x1, 4핀x1/PCIe 8핀(6+2):2개/SATA:6개/IDE 4핀:4개/FDD:1개/[부가기능]/자동 팬 조절/대기전력 1W 미만/플랫케이블",https://img.danuri.io/catalog-image/750/928/001/5b2411de01024bc08c39e5b42013a8ec.jpg?shrink=80:80,True,가격정보없음(판매준비/판매중지)
2026-08-21,파워,"마이크로닉스,darkFlash",19961321,마이크로닉스 COOLMAX P-1050W 80PLUS플래티넘 ATX3.0,208720,ATX 파워/1050W/80 PLUS 플래티넘/케이블연결:풀모듈러/전압변동:±1.5%/+12V 싱글레일/+12V 가용률:100%/액티브PFC/PF(역률):99%/120mm 팬/깊이:140mm/무상 10년/[커넥터]/메인전원:24핀(20+4)/보조전원:(4+4)핀x1/PCIe 16핀(12+4):12VHPWR 1개/PCIe 8핀(6+2):2개/SATA:10개/IDE 4핀:4개/팬리스모드/자동 팬 조절/대기전력 1W 미만/플랫케이블,https://img.danuri.io/catalog-image/321/961/019/b854fa7ed95f4dfb9044a2694be550ce.jpg?shrink=80:80,False,
2026-08-21,파워,"마이크로닉스,darkFlash",99732446,마이크로닉스 COOLMAX FOCUS II 800W ETA실버 ATX3.1,79640,"ATX 파워/800W/ETA인증:SILVER/LAMBDA인증:STANDARD+/+12V 싱글레일/+12V 가용률:100%/액티브PFC/PF(역률):99%/120mm 팬/깊이:140mm/무상 5년/[커넥터]/메인전원:24핀(20+4)/보조전원:8핀x1, 4핀x1/PCIe 16핀(12+4):12V2x6 1개/PCIe 8핀(6+2):2개/SATA:5개/IDE 4핀:3개/[부가기능]/대기전력 1W 미만/플랫케이블",https://img.danuri.io/catalog-image/446/732/099/250e521bad1c442a872ecdf3be3c94be.jpg?shrink=80:80,False,
2026-08-21,파워,"마이크로닉스,darkFlash",27942059,마이크로닉스 ASTRO II PT 850W 80PLUS플래티넘 풀모듈러 ATX3.0,216410,ATX 파워/850W/80 PLUS 플래티넘/케이블연결:풀모듈러/전압변동:±0.4%/+12V 싱글레일/+12V 가용률:100%/액티브PFC/PF(역률):99%/깊이:140mm/무상 10년/[커넥터]/메인전원:24핀(20+4)/보조전원:8핀x2/PCIe 16핀(12+4):12VHPWR 1개/PCIe 8핀(6+2):3개/SATA:8개/IDE 4핀:4개/FDD:1개/[부가기능]/팬리스모드/자동 팬 조절/프리볼트/플랫케이블,https://img.danuri.io/catalog-image/059/942/027/03cae191a0104458b1e9bfac5b33c635.jpg?shrink=80:80,False,
2026-08-21,파워,"마이크로닉스,darkFlash",16567166,마이크로닉스 COOLMAX VISION II 700W,60860,ATX 파워/700W/케이블연결:케이블일체형/전압변동:±0.4%/+12V 싱글레일/+12V 가용률:100%/120mm 팬/깊이:140mm/무상 5년/[커넥터]/메인전원:24핀(20+4)/보조전원:(4+4)핀x1/PCIe 8핀(6+2):4개/SATA:5개/IDE 4핀:3개/[부가기능]/대기전력 1W 미만,https://img.danuri.io/catalog-image/166/567/016/f4d6038abe6d42a1a15908f4513fa131.jpg?shrink=80:80,False,
2026-08-21,파워,"마이크로닉스,darkFlash",21651443,darkFlash SAVEMOST 600W 블랙,44740,ATX 파워/600W/케이블연결:케이블일체형/+12V 싱글레일/+12V 가용률:90%/액티브PFC/PF(역률):99%/120mm 팬/깊이:140mm/무상 3년/[커넥터]/메인전원:24핀(20+4)/보조전원:(4+4)핀x1/PCIe 8핀(6+2):1개/SATA:4개/IDE 4핀:3개/자동 팬 조절/대기전력 1W 미만/플랫케이블,https://img.danuri.io/catalog-image/443/651/021/f6bb37ca6dab43caa26bab18e05377d5.jpg?shrink=80:80,False,
2026-08-21,파워,"마이크로닉스,darkFlash",10054539,마이크로닉스 Performance II HV 850W 80PLUS브론즈 FDB,162580,"ATX 파워/850W/80 PLUS 브론즈/케이블연결:세미모듈러/+12V 싱글레일/+12V 가용률:99%/액티브PFC/PF(역률):99%/135mm 팬/깊이:160mm/무상 6년/[커넥터]/메인전원:24핀(20+4)/보조전원:8핀x1, (4+4)핀x1/PCIe 8핀(6+2):6개/SATA:10개/IDE 4핀:5개/FDD:1개/[부가기능]/자동 팬 조절/대기전력 1W 미만/프리볼트/플랫케이블",https://img.danuri.io/catalog-image/539/054/010/37ae09043fb240a08220babcdff54f3f.jpg?shrink=80:80,False,
2026-08-21,파워,"마이크로닉스,darkFlash",21547892,darkFlash UPMOST 1050W 80PLUS골드 풀모듈러 ATX3.0 화이트,190300,ATX 파워/1050W/80 PLUS 골드/케이블연결:풀모듈러/+12V 싱글레일/+12V 가용률:100%/액티브PFC/PF(역률):99%/120mm 팬/깊이:140mm/무상 10년/[커넥터]/메인전원:24핀(20+4)/보조전원:(4+4)핀x2/PCIe 16핀(12+4):12VHPWR 1개/PCIe 8핀(6+2):3개/SATA:12개/IDE 4핀:4개/FDD:1개/팬리스모드/자동 팬 조절/대기전력 1W 미만/프리볼트/플랫케이블,https://img.danuri.io/catalog-image/892/547/021/c180b6f39bb349d6a5335986c48d80fc.jpg?shrink=80:80,False,
2026-08-21,파워,"마이크로닉스,darkFlash",29340092,darkFlash UPMOST 1250W 80PLUS골드 풀모듈러 ATX3.0 화이트,207350,ATX 파워/1250W/80 PLUS 골드/케이블연결:풀모듈러/+12V 싱글레일/+12V 가용률:100%/액티브PFC/PF(역률):99%/120mm 팬/깊이:140mm/무상 10년/[커넥터]/메인전원:24핀(20+4)/보조전원:(4+4)핀x2/PCIe 16핀(12+4):12VHPWR 1개/PCIe 8핀(6+2):3개/SATA:12개/IDE 4핀:4개/FDD:1개/팬리스모드/대기전력 1W 미만/프리볼트/플랫케이블,https://img.danuri.io/catalog-image/092/340/029/a482d3064c204511a6d56ef2b678b95e.jpg?shrink=80:80,False,
2026-08-21,파워,"마이크로닉스,darkFlash",97356686,darkFlash 퍼펙트모스트 700W 80PLUS브론즈 ATX3.1 화이트,71500,"ATX 파워/700W/80 PLUS 브론즈/케이블연결:케이블일체형/전압변동:±0.6%/+12V 싱글레일/+12V 가용률:100%/액티브PFC/PF(역률):99%/120mm 팬/깊이:150mm/무상 7년/[커넥터]/메인전원:24핀(20+4)/보조전원:8핀x1, (4+4)핀x1/PCIe 16핀(12+4):12V2x6 1개/PCIe 8핀(6+2):2개/SATA:6개/IDE 4핀:3개/[부가기능]/자동 팬 조절/대기전력 1W 미만/플랫케이블",https://img.danuri.io/catalog-image/686/356/097/823d6d903b5042289bf9d1746f7cb81e.jpg?shrink=80:80,False,
2026-08-21,파워,"마이크로닉스,darkFlash",6461849,마이크로닉스 ASTRO PLATINUM 850W 풀모듈러,163900,ATX 파워/850W/80 PLUS 플래티넘/케이블연결:풀모듈러/전압변동:±0.5%/+12V 싱글레일/+12V 가용률:100%/액티브PFC/PF(역률):99%/135mm 팬/깊이:180mm/무상 10년/[커넥터]/메인전원:24핀(20+4)/보조전원:(4+4)핀x2/PCIe 8핀(6+2):6개/SATA:8개/IDE 4핀:6개/FDD:1개/[부가기능]/팬리스모드/자동 팬 조절/대기전력 1W 미만/프리볼트/플랫케이블/16AWG 케이블,https://img.danuri.io/catalog-image/849/461/006/067dd32abe954e7f8be34655f4a32942.jpg?shrink=80:80,False,
2026-08-21,파워,"마이크로닉스,darkFlash",10557825,마이크로닉스 Performance II PV 500W 80PLUS브론즈 FDB,88430,"ATX 파워/500W/80 PLUS 브론즈/케이블연결:케이블일체형/전압변동:±0.5%/+12V 싱글레일/+12V 가용률:100%/액티브PFC/PF(역률):99%/120mm 팬/깊이:140mm/무상 6년/[커넥터]/메인전원:24핀(20+4)/보조전원:8핀x1, 4핀x1/PCIe 8핀(6+2):2개/SATA:6개/IDE 4핀:3개/FDD:1개/[부가기능]/자동 팬 조절/대기전력 1W 미만/프리볼트/플랫케이블/[변경사항]/23년 5월 커넥터 IDE+IDE 1줄, IDE+FDD 1줄  → IDE+IDE+IDE+FDD로 변경",https://img.danuri.io/catalog-image/825/557/010/c94fb6758cb948e29923db50e820b47a.jpg?shrink=80:80,False,
2026-08-21,파워,"마이크로닉스,darkFlash",6537151,마이크로닉스 Performance II PV RGB Sync 600W 80PLUS브론즈,98870,"ATX 파워/600W/80 PLUS 브론즈/케이블연결:케이블일체형/전압변동:±0.5%/+12V 싱글레일/+12V 가용률:100%/액티브PFC/PF(역률):99%/120mm 팬/깊이:140mm/무상 6년/[커넥터]/메인전원:24핀(20+4)/보조전원:8핀x1, 4핀x1/PCIe 8핀(6+2):2개/SATA:6개/IDE 4핀:4개/FDD:1개/RGB:1개/[부가기능]/자동 팬 조절/프리볼트/LED 라이트",https://img.danuri.io/catalog-image/151/537/006/db83f6d0db16484d86edc23cc00ae18d.jpg?shrink=80:80,False,
2026-08-21,파워,"마이크로닉스,darkFlash",19961018,마이크로닉스 COOLMAX P-850W 80PLUS플래티넘 ATX3.0,154000,ATX 파워/850W/80 PLUS 플래티넘/케이블연결:풀모듈러/전압변동:±1.3%/+12V 싱글레일/+12V 가용률:100%/액티브PFC/PF(역률):99%/120mm 팬/깊이:140mm/무상 10년/[커넥터]/메인전원:24핀(20+4)/보조전원:(4+4)핀x1/PCIe 16핀(12+4):12VHPWR 1개/PCIe 8핀(6+2):2개/SATA:8개/IDE 4핀:4개/팬리스모드/자동 팬 조절/대기전력 1W 미만/플랫케이블,https://img.danuri.io/catalog-image/018/961/019/eaa97c09f4ee4b6cbbd3f77c01ebd078.jpg?shrink=80:80,False,
2026-08-21,파워,"마이크로닉스,darkFlash",5467243,마이크로닉스 ZERO PLUS 500W Active PFC,57120,ATX 파워/500W/케이블연결:케이블일체형/+12V 싱글레일/+12V 가용률:90%/액티브PFC/PF(역률):99%/깊이:140mm/무상 6년/[커넥터]/메인전원:24핀(20+4)/보조전원:(4+4)핀x1/PCIe 8핀(6+2):2개/SATA:5개/IDE 4핀:3개/FDD:1개/[부가기능]/대기전력 1W 미만,https://img.danuri.io/catalog-image/243/467/005/f95f583bfab24b9b9072b85331d893a9.jpg?shrink=80:80,False,
2026-08-21,파워,"마이크로닉스,darkFlash",6461871,마이크로닉스 ASTRO PLATINUM 1050W 풀모듈러,209000,ATX 파워/1050W/80 PLUS 플래티넘/케이블연결:풀모듈러/전압변동:±0.5%/+12V 싱글레일/+12V 가용률:100%/액티브PFC/PF(역률):99%/135mm 팬/깊이:180mm/무상 10년/[커넥터]/메인전원:24핀(20+4)/보조전원:(4+4)핀x2/PCIe 8핀(6+2):8개/SATA:14개/IDE 4핀:6개/FDD:1개/[부가기능]/팬리스모드/대기전력 1W 미만/프리볼트/플랫케이블/16AWG 케이블,https://img.danuri.io/catalog-image/871/461/006/10400f72b21541de8e705a074ffa7954.jpg?shrink=80:80,False,
2026-08-21,파워,"마이크로닉스,darkFlash",101188547,마이크로닉스 COOLMAX P-1050W 80PLUS플래티넘 ATX3.1,210100,"ATX 파워/1050W/80 PLUS 플래티넘/케이블연결:풀모듈러/전압변동:±1.5%/+12V 싱글레일/+12V 가용률:100%/액티브PFC/PF(역률):99%/120mm 팬/깊이:140mm/무상 10년/[커넥터]/메인전원:24핀(20+4)/보조전원:8핀x1, (4+4)핀x1/PCIe 16핀(12+4):12V2x6 1개/PCIe 8핀(6+2):2개/SATA:10개/IDE 4핀:4개/[부가기능]/팬리스모드/자동 팬 조절/대기전력 1W 미만/플랫케이블",https://img.danuri.io/catalog-image/547/188/101/48e7595ec0b7480db209677b44a3bcec.jpg?shrink=80:80,False,
2026-08-21,파워,"마이크로닉스,darkFlash",5405967,마이크로닉스 ZERO PLUS 600W Active PFC,53830,ATX 파워/600W/케이블연결:케이블일체형/+12V 싱글레일/+12V 가용률:90%/액티브PFC/PF(역률):99%/깊이:140mm/무상 6년/[커넥터]/메인전원:24핀(20+4)/보조전원:(4+4)핀x1/PCIe 8핀(6+2):2개/SATA:5개/IDE 4핀:3개/FDD:1개/[부가기능]/대기전력 1W 미만,https://img.danuri.io/catalog-image/967/405/005/12ab7228289644d7942454825ce706f7.jpg?shrink=80:80,False,
2026-08-21,파워,"마이크로닉스,darkFlash",4186794,마이크로닉스 ZERO POWER 500W,46140,ATX 파워/500W/케이블연결:케이블일체형/+12V 싱글레일/+12V 가용률:99%/120mm 팬/무상 3년/[커넥터]/메인전원:24핀(20+4)/보조전원:(4+4)핀x1/PCIe 8핀(6+2):2개/SATA:5개/IDE 4핀:3개/FDD:1개/[부가기능]/대기전력 1W 미만,https://img.danuri.io/catalog-image/794/186/004/48f54f02231042f19f319f8e0e2030e7.jpg?shrink=80:80,False,
2026-08-21,파워,"마이크로닉스,darkFlash",10901742,마이크로닉스 Classic II 750W 80PLUS브론즈 230V EU HDB 핑크,79200,"ATX 파워/750W/80 PLUS 브론즈/케이블연결:케이블일체형/+12V 싱글레일/+12V 가용률:100%/액티브PFC/PF(역률):99%/120mm 팬/깊이:140mm/무상 6년/[커넥터]/메인전원:24핀(20+4)/보조전원:8핀x1, (4+4)핀x1/PCIe 8핀(6+2):4개/SATA:6개/IDE 4핀:4개/[부가기능]/팬리스모드/자동 팬 조절/대기전력 1W 미만/플랫케이블/[변경사항]/23년 9월 8+4+4핀 2개 → 1개로 변경",https://img.danuri.io/catalog-image/742/901/010/9ac1660b89d04a6ca8dc800e5af735c6.jpg?shrink=80:80,False,
2026-08-21,파워,"마이크로닉스,darkFlash",19814000,darkFlash UPMOST 850W 80PLUS골드 풀모듈러 블랙,0,ATX 파워/850W/80 PLUS 골드/케이블연결:풀모듈러/+12V 싱글레일/+12V 가용률:99%/액티브PFC/PF(역률):99%/120mm 팬/깊이:140mm/무상 10년/[커넥터]/메인전원:24핀(20+4)/보조전원:(4+4)핀x2/PCIe 8핀(6+2):3개/SATA:8개/IDE 4핀:4개/FDD:1개/팬리스모드/프리볼트/플랫케이블,https://img.danuri.io/catalog-image/000/814/019/3597584401584b4f99def390dce37ef6.jpg?shrink=80:80,True,가격정보없음(판매준비/판매중지)
2026-08-21,파워,"마이크로닉스,darkFlash",1928673,마이크로닉스 Classic II 500W 80PLUS 230V EU,0,ATX 파워/500W/80 PLUS 스탠다드/케이블연결:케이블일체형/+12V 싱글레일/액티브PFC/120mm 팬/깊이:140mm/무상 6년/[커넥터]/메인전원:24핀(20+4)/PCIe 8핀(6+2):2개/SATA:6개/IDE 4핀:3개/[부가기능]/대기전력 1W 미만/플랫케이블,https://img.danuri.io/catalog-image/673/928/001/15eb4b335d5f420bb303d6dd126c2839.jpg?shrink=80:80,True,가격정보없음(판매준비/판매중지)
2026-08-21,파워,"마이크로닉스,darkFlash",16000562,마이크로닉스 ASTRO GD 650W 80PLUS골드 풀모듈러 FDB 화이트,110450,"ATX 파워/650W/80 PLUS 골드/케이블연결:풀모듈러/+12V 싱글레일/+12V 가용률:100%/액티브PFC/PF(역률):99%/135mm 팬/깊이:160mm/무상 7년/[커넥터]/메인전원:24핀(20+4)/보조전원:8핀x1, 4핀x1/PCIe 8핀(6+2):4개/SATA:8개/IDE 4핀:4개/FDD:1개/[부가기능]/자동 팬 조절/대기전력 1W 미만/프리볼트/플랫케이블",https://img.danuri.io/catalog-image/562/000/016/fafd2ca9eeae43169e65d33884467e0d.jpg?shrink=80:80,False,
2026-08-21,파워,"마이크로닉스,darkFlash",18005060,마이크로닉스 ASTRO II GD 1650W 80PLUS골드 풀모듈러 ATX3.0,0,ATX 파워/1650W/80 PLUS 골드/케이블연결:풀모듈러/전압변동:±0.3%/+12V 싱글레일/+12V 가용률:100%/액티브PFC/PF(역률):99%/135mm 팬/깊이:180mm/무상 10년/[커넥터]/메인전원:24핀(20+4)/보조전원:(4+4)핀x2/PCIe 16핀(12+4):12VHPWR 2개/PCIe 8핀(6+2):6개/SATA:12개/IDE 4핀:6개/FDD:1개/[부가기능]/팬리스모드/자동 팬 조절/대기전력 1W 미만/프리볼트/플랫케이블,https://img.danuri.io/catalog-image/060/005/018/f47fa4dca72843c787d15b0ae591ab55.jpg?shrink=80:80,True,가격정보없음(판매준비/판매중지)
2026-08-21,파워,"마이크로닉스,darkFlash",29082194,마이크로닉스 CASLON M 750W 80PLUS실버 모듈러 ATX3.0,0,"ATX 파워/750W/80 PLUS 실버/케이블연결:세미모듈러/전압변동:±0.4%/+12V 싱글레일/액티브PFC/PF(역률):99%/120mm 팬/깊이:140mm/무상 6년/[커넥터]/메인전원:24핀(20+4)/보조전원:8핀x1, (4+4)핀x1/PCIe 16핀(12+4):12VHPWR 1개/PCIe 8핀(6+2):2개/SATA:6개/IDE 4핀:4개/FDD:1개/[부가기능]/팬리스모드/자동 팬 조절/대기전력 1W 미만/플랫케이블",https://img.danuri.io/catalog-image/194/082/029/1231a72494bf49bfac6f7a924da23fb1.jpg?shrink=80:80,True,가격정보없음(판매준비/판매중지)
2026-08-21,파워,"마이크로닉스,darkFlash",29340080,darkFlash UPMOST 1250W 80PLUS골드 풀모듈러 ATX3.0 블랙,0,ATX 파워/1250W/80 PLUS 골드/케이블연결:풀모듈러/+12V 싱글레일/+12V 가용률:100%/액티브PFC/PF(역률):99%/120mm 팬/깊이:140mm/무상 10년/[커넥터]/메인전원:24핀(20+4)/보조전원:(4+4)핀x2/PCIe 16핀(12+4):12VHPWR 1개/PCIe 8핀(6+2):3개/SATA:12개/IDE 4핀:4개/FDD:1개/팬리스모드/대기전력 1W 미만/프리볼트/플랫케이블,https://img.danuri.io/catalog-image/080/340/029/8767990a6d974519b21f60156d8dd76b.jpg?shrink=80:80,True,가격정보없음(판매준비/판매중지)
2026-08-21,파워,"마이크로닉스,darkFlash",20009693,마이크로닉스 COOLMAX FOCUS II 900W ETA SILVER PCIE5,0,"ATX 파워/900W/ETA인증:SILVER/LAMBDA인증:STANDARD/+12V 싱글레일/+12V 가용률:100%/액티브PFC/PF(역률):99%/140mm 팬/깊이:150mm/무상 5년/[커넥터]/메인전원:24핀(20+4)/보조전원:8핀x1, (4+4)핀x1/PCIe 16핀(12+4):12VHPWR 1개/PCIe 8핀(6+2):4개/SATA:6개/IDE 4핀:3개/[부가기능]/대기전력 1W 미만/플랫케이블",https://img.danuri.io/catalog-image/693/009/020/03bc6589c507461fa66a852a30effc5f.jpg?shrink=80:80,True,가격정보없음(판매준비/판매중지)
2026-08-21,파워,"마이크로닉스,darkFlash",20628194,마이크로닉스 WIZMAX 850W 80PLUS실버 ATX3.0,108760,"ATX 파워/850W/80 PLUS 실버/전압변동:±0.9%/+12V 싱글레일/+12V 가용률:100%/액티브PFC/PF(역률):99%/120mm 팬/깊이:140mm/무상 6년/[커넥터]/메인전원:24핀(20+4)/보조전원:8핀x1, (4+4)핀x1/PCIe 16핀(12+4):12VHPWR 1개/PCIe 8핀(6+2):2개/SATA:8개/IDE 4핀:4개/[부가기능]/자동 팬 조절/대기전력 1W 미만/프리볼트/플랫케이블",https://img.danuri.io/catalog-image/194/628/020/f364ddd809be4e3d9581a2749c770cd8.jpg?shrink=80:80,False,
2026-08-21,파워,"마이크로닉스,darkFlash",27941621,darkFlash SAVEMOST 700W 80PLUS스탠다드,0,ATX 파워/700W/80 PLUS 스탠다드/케이블연결:케이블일체형/+12V 싱글레일/+12V 가용률:92%/액티브PFC/PF(역률):99%/120mm 팬/깊이:140mm/무상 5년/[커넥터]/메인전원:24핀(20+4)/보조전원:(4+4)핀x2/PCIe 8핀(6+2):4개/SATA:6개/IDE 4핀:3개/[부가기능]/자동 팬 조절/대기전력 1W 미만/플랫케이블,https://img.danuri.io/catalog-image/621/941/027/32d27ffc142c4a099b6cd027bb4159f4.jpg?shrink=80:80,True,가격정보없음(판매준비/판매중지)
2026-08-21,파워,"마이크로닉스,darkFlash",1966330,마이크로닉스 Classic II 700W 80PLUS 230V EU,0,"ATX 파워/700W/80 PLUS 스탠다드/케이블연결:케이블일체형/+12V 싱글레일/+12V 가용률:90%/액티브PFC/PF(역률):99%/120mm 팬/깊이:140mm/무상 6년/[커넥터]/메인전원:24핀(20+4)/보조전원:8핀x1, (4+4)핀x1/PCIe 8핀(6+2):4개/SATA:6개/IDE 4핀:4개/FDD:1개/[부가기능]/자동 팬 조절/대기전력 1W 미만/플랫케이블/[변경사항]/2020년 1월 CPU 커넥터 변경",https://img.danuri.io/catalog-image/330/966/001/26482ae6115e4d7d8c2f105d3f2976e8.jpg?shrink=80:80,True,가격정보없음(판매준비/판매중지)
2026-08-21,파워,"마이크로닉스,darkFlash",27941540,darkFlash SAVEMOST 600W 80PLUS스탠다드,0,ATX 파워/600W/80 PLUS 스탠다드/케이블연결:케이블일체형/+12V 싱글레일/+12V 가용률:90%/액티브PFC/PF(역률):99%/120mm 팬/깊이:140mm/무상 5년/[커넥터]/메인전원:24핀(20+4)/보조전원:(4+4)핀x2/PCIe 8핀(6+2):2개/SATA:6개/IDE 4핀:3개/[부가기능]/자동 팬 조절/대기전력 1W 미만/플랫케이블,https://img.danuri.io/catalog-image/540/941/027/8e7e48690d0c4cd09690edfa72a39637.jpg?shrink=80:80,True,가격정보없음(판매준비/판매중지)
2026-08-21,파워,"마이크로닉스,darkFlash",9326514,마이크로닉스 Classic II 650W 80PLUS브론즈 230V EU HDB,0,"ATX 파워/650W/80 PLUS 브론즈/케이블연결:케이블일체형/+12V 싱글레일/+12V 가용률:100%/액티브PFC/PF(역률):99%/120mm 팬/깊이:140mm/무상 6년/[커넥터]/메인전원:24핀(20+4)/보조전원:8핀x1, 4핀x1/PCIe 8핀(6+2):2개/SATA:6개/IDE 4핀:4개/[부가기능]/팬리스모드/자동 팬 조절/대기전력 1W 미만/플랫케이블",https://img.danuri.io/catalog-image/514/326/009/1e4d9d7d7bd84e4a813d58965f67ef84.jpg?shrink=80:80,True,가격정보없음(판매준비/판매중지)
2026-08-21,파워,"마이크로닉스,darkFlash",21547862,darkFlash UPMOST 1050W 80PLUS골드 풀모듈러 ATX3.0 블랙,0,ATX 파워/1050W/80 PLUS 골드/케이블연결:풀모듈러/+12V 싱글레일/+12V 가용률:100%/액티브PFC/PF(역률):99%/120mm 팬/깊이:140mm/무상 10년/[커넥터]/메인전원:24핀(20+4)/보조전원:(4+4)핀x2/PCIe 16핀(12+4):12VHPWR 1개/PCIe 8핀(6+2):3개/SATA:12개/IDE 4핀:4개/FDD:1개/팬리스모드/자동 팬 조절/대기전력 1W 미만/프리볼트/플랫케이블,https://img.danuri.io/catalog-image/862/547/021/996d1799c07d44a6a707d861c0bd2a96.jpg?shrink=80:80,True,가격정보없음(판매준비/판매중지)
2026-08-21,파워,"마이크로닉스,darkFlash",17052830,마이크로닉스 COOLMAX FOCUS II 700W ETA BRONZE,0,"ATX 파워/700W/케이블연결:케이블일체형/ETA인증:BRONZE/LAMBDA인증:STANDARD/+12V 싱글레일/액티브PFC/PF(역률):99%/120mm 팬/깊이:140mm/무상 5년/[커넥터]/메인전원:24핀(20+4)/보조전원:8핀x1, 4핀x1/PCIe 8핀(6+2):4개/SATA:5개/IDE 4핀:3개/[부가기능]/대기전력 1W 미만/플랫케이블",https://img.danuri.io/catalog-image/830/052/017/7bd2c64e7c8a41ee953610f6447fa25b.jpg?shrink=80:80,True,가격정보없음(판매준비/판매중지)
2026-08-21,파워,"마이크로닉스,darkFlash",3071154,마이크로닉스 Performance II HV 850W Bronze,0,"ATX 파워/850W/80 PLUS 브론즈/케이블연결:세미모듈러/+12V 싱글레일/+12V 가용률:99%/액티브PFC/PF(역률):99%/135mm 팬/깊이:160mm/무상 6년/[커넥터]/메인전원:24핀(20+4)/보조전원:8핀x1, (4+4)핀x1/PCIe 8핀(6+2):6개/SATA:10개/IDE 4핀:5개/FDD:1개/[부가기능]/자동 팬 조절/대기전력 1W 미만/프리볼트/[변경사항]/2019년 10월 AS 기간 변경 (무상 3년 -> 무상 6년)",https://img.danuri.io/catalog-image/154/071/003/d2c12ebbba26444ab56a84881a5002ad.jpg?shrink=80:80,True,가격정보없음(판매준비/판매중지)
2026-08-21,파워,"마이크로닉스,darkFlash",19813847,darkFlash UPMOST 750W 80PLUS골드 풀모듈러 화이트,0,ATX 파워/750W/80 PLUS 골드/케이블연결:풀모듈러/+12V 싱글레일/+12V 가용률:100%/액티브PFC/PF(역률):99%/120mm 팬/깊이:140mm/무상 10년/[커넥터]/메인전원:24핀(20+4)/보조전원:(4+4)핀x2/PCIe 8핀(6+2):3개/SATA:8개/IDE 4핀:4개/FDD:1개/팬리스모드/프리볼트/플랫케이블,https://img.danuri.io/catalog-image/847/813/019/fbb4da17cd5e43fe8ab273fcc3b6ac54.jpg?shrink=80:80,True,가격정보없음(판매준비/판매중지)
2026-08-21,파워,"마이크로닉스,darkFlash",18741287,마이크로닉스 WIZMAX 850W 80PLUS실버,0,"ATX 파워/850W/80 PLUS 실버/케이블연결:케이블일체형/전압변동:±0.9%/+12V 싱글레일/+12V 가용률:100%/액티브PFC/PF(역률):99%/120mm 팬/무상 6년/[커넥터]/메인전원:24핀(20+4)/보조전원:8핀x1, (4+4)핀x1/PCIe 8핀(6+2):4개/SATA:8개/IDE 4핀:4개/[부가기능]/자동 팬 조절/대기전력 1W 미만/프리볼트/플랫케이블",https://img.danuri.io/catalog-image/287/741/018/64a85857adde40d4a541a99db58f2741.jpg?shrink=80:80,True,가격정보없음(판매준비/판매중지)
2026-08-21,파워,"마이크로닉스,darkFlash",18741254,마이크로닉스 WIZMAX 750W 80PLUS실버,0,"ATX 파워/750W/80 PLUS 실버/케이블연결:케이블일체형/전압변동:±0.9%/+12V 싱글레일/+12V 가용률:100%/액티브PFC/PF(역률):99%/120mm 팬/무상 6년/[커넥터]/메인전원:24핀(20+4)/보조전원:8핀x1, (4+4)핀x1/PCIe 8핀(6+2):4개/SATA:6개/IDE 4핀:4개/[부가기능]/자동 팬 조절/대기전력 1W 미만/프리볼트/플랫케이블",https://img.danuri.io/catalog-image/254/741/018/7013ceee24da4cca8c583156dd22ba4c.jpg?shrink=80:80,True,가격정보없음(판매준비/판매중지)
2026-08-21,파워,"마이크로닉스,darkFlash",88232459,마이크로닉스 Classic II 850W 80PLUS실버 모듈러 ATX3.1,0,"ATX 파워/850W/80 PLUS 실버/케이블연결:세미모듈러/전압변동:±0.4%/+12V 싱글레일/+12V 가용률:100%/액티브PFC/PF(역률):99%/깊이:140mm/무상 7년/[커넥터]/메인전원:24핀(20+4)/보조전원:8핀x1, (4+4)핀x1/PCIe 16핀(12+4):12V2x6 1개/PCIe 8핀(6+2):2개/SATA:3개/IDE 4핀:2개/[부가기능]/팬리스모드/자동 팬 조절/대기전력 1W 미만/플랫케이블",https://img.danuri.io/catalog-image/459/232/088/2bec3e31480541c19bcbe57d492ab8a9.jpg?shrink=80:80,True,가격정보없음(판매준비/판매중지)
2026-08-21,파워,"마이크로닉스,darkFlash",13585271,마이크로닉스 COOLMAX FOCUS PRO 600W 80PLUS 230V EU,0,ATX 파워/600W/80 PLUS 스탠다드/케이블연결:케이블일체형/+12V 싱글레일/+12V 가용률:92%/액티브PFC/PF(역률):99%/120mm 팬/무상 5년/[커넥터]/메인전원:24핀(20+4) /보조전원:(4+4)핀x1/PCIe 8핀(6+2):2개/SATA:4개/IDE 4핀:3개/[부가기능]/대기전력 1W 미만/플랫케이블,https://img.danuri.io/catalog-image/271/585/013/500dd4b785ba4c65b684a7b3eab0eba3.jpg?shrink=80:80,True,가격정보없음(판매준비/판매중지)
2026-08-21,파워,"마이크로닉스,darkFlash",5045425,마이크로닉스 Performance II PV 600W 80PLUS브론즈 Surge 4K,0,"ATX 파워/600W/80 PLUS 브론즈/케이블연결:케이블일체형/전압변동:±0.5%/+12V 싱글레일/+12V 가용률:100%/액티브PFC/PF(역률):99%/120mm 팬/무상 6년/[커넥터]/메인전원:24핀(20+4)/보조전원:8핀x1, 4핀x1/PCIe 8핀(6+2):2개/SATA:6개/IDE 4핀:4개/FDD:1개/[부가기능]/대기전력 1W 미만/프리볼트",https://img.danuri.io/catalog-image/425/045/005/0be7288907434a27a576447932ecde7c.jpg?shrink=80:80,True,가격정보없음(판매준비/판매중지)
2026-08-21,파워,"마이크로닉스,darkFlash",17052878,마이크로닉스 COOLMAX FOCUS II 800W ETA BRONZE,0,"ATX 파워/800W/케이블연결:케이블일체형/ETA인증:BRONZE/LAMBDA인증:STANDARD+/+12V 싱글레일/액티브PFC/PF(역률):99%/120mm 팬/깊이:140mm/무상 5년/[커넥터]/메인전원:24핀(20+4)/보조전원:8핀x1, 4핀x1/PCIe 8핀(6+2):4개/SATA:5개/IDE 4핀:3개/[부가기능]/대기전력 1W 미만/플랫케이블",https://img.danuri.io/catalog-image/878/052/017/7ea912ffdbe0424999a3a00962c5711b.jpg?shrink=80:80,True,가격정보없음(판매준비/판매중지)
2026-08-21,파워,"마이크로닉스,darkFlash",9326622,마이크로닉스 Classic II 750W 80PLUS브론즈 230V EU HDB,0,"ATX 파워/750W/80 PLUS 브론즈/케이블연결:케이블일체형/+12V 싱글레일/+12V 가용률:100%/액티브PFC/PF(역률):99%/120mm 팬/깊이:140mm/무상 6년/[커넥터]/메인전원:24핀(20+4)/보조전원:8핀x1, (4+4)핀x1/PCIe 8핀(6+2):4개/SATA:6개/IDE 4핀:4개/FDD:1개/[부가기능]/팬리스모드/자동 팬 조절/대기전력 1W 미만/플랫케이블/[변경사항]/23년 9월 8+4+4핀 2개 → 1개로 변경",https://img.danuri.io/catalog-image/622/326/009/4d9a7e6b72c6454dbc9c4adbc1dd353f.jpg?shrink=80:80,True,가격정보없음(판매준비/판매중지)
2026-08-21,파워,"마이크로닉스,darkFlash",11226927,마이크로닉스 Classic II 600W 80PLUS 230V EU 화이트,0,"ATX 파워/600W/80 PLUS 스탠다드/케이블연결:케이블일체형/+12V 싱글레일/+12V 가용률:90%/액티브PFC/PF(역률):99%/120mm 팬/깊이:150mm/무상 6년/[커넥터]/메인전원:24핀(20+4)/보조전원:8핀x1, 4핀x1/PCIe 8핀(6+2):2개/SATA:6개/IDE 4핀:4개/FDD:1개/[부가기능]/자동 팬 조절/대기전력 1W 미만/플랫케이블",https://img.danuri.io/catalog-image/927/226/011/b3bde3c2eb774df5b4c107a8719204b3.jpg?shrink=80:80,True,가격정보없음(판매준비/판매중지)
2026-08-21,파워,"마이크로닉스,darkFlash",20010086,마이크로닉스 COOLMAX FOCUS II 700W ETA BRONZE PCIE5.1,0,"ATX 파워/700W/ETA인증:BRONZE/LAMBDA인증:STANDARD/+12V 싱글레일/액티브PFC/PF(역률):99%/120mm 팬/깊이:140mm/무상 5년/[커넥터]/메인전원:24핀(20+4)/보조전원:8핀x1, 4핀x1/PCIe 16핀(12+4):12V2x6 1개/PCIe 8핀(6+2):2개/SATA:5개/IDE 4핀:3개/[부가기능]/대기전력 1W 미만/플랫케이블/[변경사항]/24년 7월 PCIe 16핀 12VHPWR 1개 → 12V2x6 1개로 변경",https://img.danuri.io/catalog-image/086/010/020/1189afeb91b34502aaf768878b363fa1.jpg?shrink=80:80,True,가격정보없음(판매준비/판매중지)
2026-08-21,파워,"마이크로닉스,darkFlash",11227005,마이크로닉스 Classic II 700W 80PLUS 230V EU 화이트,0,"ATX 파워/700W/80 PLUS 스탠다드/케이블연결:케이블일체형/+12V 싱글레일/+12V 가용률:90%/액티브PFC/PF(역률):99%/120mm 팬/깊이:150mm/무상 6년/[커넥터]/메인전원:24핀(20+4)/보조전원:8핀x1, (4+4)핀x1/PCIe 8핀(6+2):4개/SATA:6개/IDE 4핀:4개/FDD:1개/[부가기능]/자동 팬 조절/대기전력 1W 미만/플랫케이블",https://img.danuri.io/catalog-image/005/227/011/36d0f7a1a6dc4b82b130c68d5e7661b9.jpg?shrink=80:80,True,가격정보없음(판매준비/판매중지)
2026-08-21,파워,"마이크로닉스,darkFlash",29084696,마이크로닉스 CASLON M 850W 80PLUS실버 모듈러 ATX3.0,0,"ATX 파워/850W/80 PLUS 실버/케이블연결:세미모듈러/전압변동:±0.4%/+12V 싱글레일/액티브PFC/PF(역률):99%/120mm 팬/깊이:140mm/무상 6년/[커넥터]/메인전원:24핀(20+4)/보조전원:8핀x1, (4+4)핀x1/PCIe 16핀(12+4):12VHPWR 1개/PCIe 8핀(6+2):2개/SATA:8개/IDE 4핀:4개/FDD:1개/[부가기능]/팬리스모드/자동 팬 조절/대기전력 1W 미만/플랫케이블",https://img.danuri.io/catalog-image/696/084/029/828233d927954cd5b19e2885bc838c63.jpg?shrink=80:80,True,가격정보없음(판매준비/판매중지)
2026-08-21,파워,"마이크로닉스,darkFlash",20010002,마이크로닉스 COOLMAX FOCUS II 800W ETA BRONZE PCIE5.1,0,"ATX 파워/800W/ETA인증:BRONZE/LAMBDA인증:STANDARD+/+12V 싱글레일/액티브PFC/PF(역률):99%/120mm 팬/깊이:140mm/무상 5년/[커넥터]/메인전원:24핀(20+4)/보조전원:8핀x1, 4핀x1/PCIe 16핀(12+4):12V2x6 1개/PCIe 8핀(6+2):2개/SATA:5개/IDE 4핀:3개/[부가기능]/대기전력 1W 미만/플랫케이블/[변경사항]/24년 7월 PCIe 16핀 12VHPWR 1개 → 12V2x6 1개로 변경",https://img.danuri.io/catalog-image/002/010/020/2cc6d167d5084bdcbb859aea0fa00cac.jpg?shrink=80:80,True,가격정보없음(판매준비/판매중지)
2026-08-21,파워,"마이크로닉스,darkFlash",19813763,darkFlash UPMOST 750W 80PLUS골드 풀모듈러 블랙,0,ATX 파워/750W/80 PLUS 골드/케이블연결:풀모듈러/+12V 싱글레일/+12V 가용률:100%/액티브PFC/PF(역률):99%/120mm 팬/깊이:140mm/무상 10년/[커넥터]/메인전원:24핀(20+4)/보조전원:(4+4)핀x2/PCIe 8핀(6+2):3개/SATA:8개/IDE 4핀:4개/FDD:1개/팬리스모드/프리볼트/플랫케이블,https://img.danuri.io/catalog-image/763/813/019/70eb2aebe93c477dba21b51cee642105.jpg?shrink=80:80,True,가격정보없음(판매준비/판매중지)
2026-08-21,파워,"마이크로닉스,darkFlash",20709257,darkFlash UPMOST 850W 80PLUS골드 풀모듈러 ATX3.0 블랙,0,ATX 파워/850W/80 PLUS 골드/케이블연결:풀모듈러/+12V 싱글레일/+12V 가용률:99%/액티브PFC/PF(역률):99%/120mm 팬/깊이:140mm/무상 10년/[커넥터]/메인전원:24핀(20+4)/보조전원:(4+4)핀x2/PCIe 16핀(12+4):12VHPWR 1개/PCIe 8핀(6+2):3개/SATA:8개/IDE 4핀:4개/FDD:1개/팬리스모드/대기전력 1W 미만/프리볼트/플랫케이블,https://img.danuri.io/catalog-image/257/709/020/2104381de4124c26b7cca296ebdfebbb.jpg?shrink=80:80,True,가격정보없음(판매준비/판매중지)
2026-08-21,파워,"마이크로닉스,darkFlash",20709380,darkFlash UPMOST 850W 80PLUS골드 풀모듈러 ATX3.0 화이트,0,ATX 파워/850W/80 PLUS 골드/케이블연결:풀모듈러/+12V 싱글레일/+12V 가용률:99%/액티브PFC/PF(역률):99%/120mm 팬/깊이:140mm/무상 10년/[커넥터]/메인전원:24핀(20+4)/보조전원:(4+4)핀x2/PCIe 16핀(12+4):12VHPWR 1개/PCIe 8핀(6+2):3개/SATA:8개/IDE 4핀:4개/FDD:1개/팬리스모드/대기전력 1W 미만/프리볼트/플랫케이블,https://img.danuri.io/catalog-image/380/709/020/fdf121b8240a4168b2250ee0db513e3d.jpg?shrink=80:80,True,가격정보없음(판매준비/판매중지)
2026-08-21,파워,"마이크로닉스,darkFlash",5045394,마이크로닉스 Performance II PV 500W 80PLUS브론즈 Surge 4K,0,"ATX 파워/500W/80 PLUS 브론즈/케이블연결:케이블일체형/전압변동:±0.5%/+12V 싱글레일/+12V 가용률:100%/액티브PFC/PF(역률):99%/120mm 팬/무상 6년/[커넥터]/메인전원:24핀(20+4)/보조전원:8핀x1, 4핀x1/PCIe 8핀(6+2):2개/SATA:6개/IDE 4핀:3개/FDD:1개/[부가기능]/대기전력 1W 미만/프리볼트",https://img.danuri.io/catalog-image/394/045/005/2a19e6cc2d01442a9bf50fbfe7201c05.jpg?shrink=80:80,True,가격정보없음(판매준비/판매중지)
2026-08-21,파워,"마이크로닉스,darkFlash",10901664,마이크로닉스 Classic II 650W 80PLUS브론즈 230V EU HDB 핑크,0,"ATX 파워/650W/80 PLUS 브론즈/케이블연결:케이블일체형/+12V 싱글레일/+12V 가용률:100%/액티브PFC/PF(역률):99%/120mm 팬/깊이:140mm/무상 6년/[커넥터]/메인전원:24핀(20+4)/보조전원:8핀x1, 4핀x1/PCIe 8핀(6+2):2개/SATA:6개/IDE 4핀:4개/[부가기능]/팬리스모드/자동 팬 조절/대기전력 1W 미만/플랫케이블",https://img.danuri.io/catalog-image/664/901/010/0bec1b7617f6439095c4a60e5dde0d0f.jpg?shrink=80:80,True,가격정보없음(판매준비/판매중지)
2026-08-21,파워,"마이크로닉스,darkFlash",15046910,마이크로닉스 Classic II 750W 80PLUS골드 230V EU,0,"ATX 파워/750W/80 PLUS 골드/케이블연결:케이블일체형/전압변동:±0.4%/+12V 싱글레일/+12V 가용률:100%/액티브PFC/120mm 팬/무상 7년/[커넥터]/메인전원:24핀(20+4)/보조전원:8핀x1, (4+4)핀x1/PCIe 8핀(6+2):4개/SATA:6개/IDE 4핀:4개/FDD:1개/[부가기능]/자동 팬 조절/플랫케이블",https://img.danuri.io/catalog-image/910/046/015/555442f6dcdc4f979fd37878f4b77985.jpg?shrink=80:80,True,가격정보없음(판매준비/판매중지)
2026-08-21,파워,"마이크로닉스,darkFlash",3071195,마이크로닉스 Performance II HV 1000W Bronze,0,"ATX 파워/1000W/80 PLUS 브론즈/케이블연결:세미모듈러/+12V 싱글레일/+12V 가용률:99%/액티브PFC/PF(역률):99%/135mm 팬/깊이:160mm/무상 6년/[커넥터]/메인전원:24핀(20+4)/보조전원:8핀x1, (4+4)핀x1/PCIe 8핀(6+2):6개/SATA:12개/IDE 4핀:5개/FDD:1개/[부가기능]/자동 팬 조절/대기전력 1W 미만/프리볼트/[변경사항]/2019년 10월 AS 기간 변경 (무상 3년 -> 무상 6년)",https://img.danuri.io/catalog-image/195/071/003/6d3bbda9da104316a32990359148c8bc.jpg?shrink=80:80,True,가격정보없음(판매준비/판매중지)
2026-08-21,파워,"마이크로닉스,darkFlash",11844925,마이크로닉스 ASTRO GD 750W 80PLUS골드 풀모듈러 FDB 화이트,0,ATX 파워/750W/80 PLUS 골드/케이블연결:풀모듈러/+12V 싱글레일/+12V 가용률:100%/액티브PFC/PF(역률):99%/135mm 팬/깊이:150mm/무상 7년/[커넥터]/메인전원:24핀(20+4)/보조전원:(4+4)핀x2/PCIe 8핀(6+2):4개/SATA:8개/IDE 4핀:4개/FDD:1개/[부가기능]/자동 팬 조절/대기전력 1W 미만/프리볼트/플랫케이블/LED 라이트,https://img.danuri.io/catalog-image/925/844/011/c3297fdf492148b8b1c760d0f58e0b22.jpg?shrink=80:80,True,가격정보없음(판매준비/판매중지)
2026-08-21,파워,"마이크로닉스,darkFlash",12076526,마이크로닉스 COOLMAX VISION 700W HDB,0,ATX 파워/700W/케이블연결:케이블일체형/+12V 싱글레일/+12V 가용률:99%/120mm 팬/깊이:140mm/무상 5년/[커넥터]/메인전원:24핀(20+4)/보조전원:(4+4)핀x1/PCIe 8핀(6+2):4개/SATA:4개/IDE 4핀:3개/[부가기능]/자동 팬 조절,https://img.danuri.io/catalog-image/526/076/012/eb0c8c7748d44df0a69668921e4dfa27.jpg?shrink=80:80,True,가격정보없음(판매준비/판매중지)
2026-08-21,파워,"마이크로닉스,darkFlash",5045444,마이크로닉스 Performance II PV 700W 80PLUS브론즈 Surge 4K,0,"ATX 파워/700W/80 PLUS 브론즈/케이블연결:케이블일체형/전압변동:±0.5%/+12V 싱글레일/+12V 가용률:100%/액티브PFC/PF(역률):99%/120mm 팬/깊이:140mm/무상 6년/[커넥터]/메인전원:24핀(20+4)/보조전원:8핀x1, 4핀x1/PCIe 8핀(6+2):4개/SATA:6개/IDE 4핀:4개/FDD:1개/[부가기능]/대기전력 1W 미만/프리볼트",https://img.danuri.io/catalog-image/444/045/005/db0cf6f2b830483bbc8a219ca87f730d.jpg?shrink=80:80,True,가격정보없음(판매준비/판매중지)
2026-08-21,파워,"마이크로닉스,darkFlash",12076481,마이크로닉스 COOLMAX VISION 600W HDB,0,ATX 파워/600W/케이블연결:케이블일체형/+12V 싱글레일/+12V 가용률:99%/120mm 팬/깊이:140mm/무상 5년/[커넥터]/메인전원:24핀(20+4)/보조전원:(4+4)핀x1/PCIe 8핀(6+2):2개/SATA:4개/IDE 4핀:3개/[부가기능]/자동 팬 조절/벌크 여부 확인요망,https://img.danuri.io/catalog-image/481/076/012/50f54cf80c8b438fadcf3eda92799a67.jpg?shrink=80:80,True,가격정보없음(판매준비/판매중지)
2026-08-21,파워,"마이크로닉스,darkFlash",10831719,마이크로닉스 ASTRO GD 750W 80PLUS골드 풀모듈러 FDB,0,ATX 파워/750W/80 PLUS 골드/케이블연결:풀모듈러/+12V 싱글레일/+12V 가용률:100%/액티브PFC/PF(역률):99%/135mm 팬/깊이:160mm/무상 7년/[커넥터]/메인전원:24핀(20+4)/보조전원:(4+4)핀x2/PCIe 8핀(6+2):4개/SATA:8개/IDE 4핀:4개/FDD:1개/[부가기능]/자동 팬 조절/대기전력 1W 미만/프리볼트/플랫케이블,https://img.danuri.io/catalog-image/719/831/010/0d1df0f197ee42c29a4d4d67c07fd993.jpg?shrink=80:80,True,가격정보없음(판매준비/판매중지)
2026-08-21,파워,"마이크로닉스,darkFlash",77082566,마이크로닉스 COOLMAX BASIC 500W,0,ATX 파워/500W/전압변동:±0.3%/+12V 싱글레일/+12V 가용률:100%/120mm 팬/깊이:140mm/무상 5년/[커넥터]/메인전원:24핀(20+4)/보조전원:(4+4)핀x1/PCIe 8핀(6+2):1개/SATA:2개/IDE 4핀:2개/[부가기능]/대기전력 1W 미만/플랫케이블,https://img.danuri.io/catalog-image/566/082/077/3dc5312be9924ba4bedbedd922d0c756.jpg?shrink=80:80,True,가격정보없음(판매준비/판매중지)
2026-08-21,파워,"마이크로닉스,darkFlash",123743244,마이크로닉스 Classic II 500W +12V Single Rail (중고),0,"ATX 파워/500W/80 PLUS 스탠다드/케이블연결:케이블일체형/+12V 싱글레일/+12V 가용률:85%/액티브PFC/PF(역률):99%/120mm 팬/무상 3년/[커넥터]/메인전원:24핀(20+4)/보조전원:8핀x1, 4핀x1/PCIe 8핀(6+2):2개/SATA:6개/IDE 4핀:3개/FDD:1개/[부가기능]/자동 팬 조절/대기전력 1W 미만/벌크 / 구매 시 확인 요망",https://img.danuri.io/catalog-image/244/743/123/9e4409ec659742af896d4fee762ade7b.jpg?shrink=80:80,True,"가격정보없음(판매준비/판매중지),중고"
2026-08-21,파워,"마이크로닉스,darkFlash",14380028,마이크로닉스 Classic II 700W 80PLUS 230V EU (중고),0,"ATX 파워/700W/80 PLUS 스탠다드/케이블연결:케이블일체형/+12V 싱글레일/+12V 가용률:90%/액티브PFC/PF(역률):99%/120mm 팬/깊이:140mm/[커넥터]/메인전원:24핀(20+4)/보조전원:8핀x1, (4+4)핀x1/PCIe 8핀(6+2):4개/SATA:6개/IDE 4핀:4개/FDD:1개/[부가기능]/자동 팬 조절/대기전력 1W 미만/플랫케이블",https://img.danuri.io/catalog-image/028/380/014/cc11eab1f4e94f57b255199dbb173a22.jpg?shrink=80:80,True,"가격정보없음(판매준비/판매중지),중고"
2026-08-21,파워,"마이크로닉스,darkFlash",60170801,darkFlash SAVEMOST 700W 80PLUS스탠다드 벌크,62700,ATX 파워/700W/80 PLUS 스탠다드/케이블연결:케이블일체형/+12V 싱글레일/+12V 가용률:92%/액티브PFC/PF(역률):99%/120mm 팬/깊이:140mm/무상 5년/[커넥터]/메인전원:24핀(20+4)/보조전원:(4+4)핀x2/PCIe 8핀(6+2):4개/SATA:6개/IDE 4핀:3개/[부가기능]/자동 팬 조절/대기전력 1W 미만/플랫케이블,https://img.danuri.io/catalog-image/801/170/060/05b0880264e0499cb73e7b0c17a5067b.jpg?shrink=80:80,False,
2026-08-21,파워,"마이크로닉스,darkFlash",60170783,darkFlash SAVEMOST 600W 80PLUS스탠다드 벌크,53350,ATX 파워/600W/80 PLUS 스탠다드/케이블연결:케이블일체형/+12V 싱글레일/+12V 가용률:90%/액티브PFC/PF(역률):99%/120mm 팬/깊이:140mm/무상 5년/[커넥터]/메인전원:24핀(20+4)/보조전원:(4+4)핀x2/PCIe 8핀(6+2):2개/SATA:6개/IDE 4핀:3개/[부가기능]/자동 팬 조절/대기전력 1W 미만/플랫케이블,https://img.danuri.io/catalog-image/783/170/060/c7cccbe44cc344089ea5164c291c278f.jpg?shrink=80:80,False,
2026-08-21,파워,"마이크로닉스,darkFlash",123743114,마이크로닉스 ASTRO PLATINUM 1200W 풀모듈러 (중고),0,ATX 파워/1200W/80 PLUS 플래티넘/케이블연결:풀모듈러/전압변동:±0.5%/+12V 싱글레일/+12V 가용률:100%/액티브PFC/PF(역률):99%/135mm 팬/깊이:180mm/무상 10년/[커넥터]/메인전원:24핀(20+4)/보조전원:(4+4)핀x2/PCIe 8핀(6+2):8개/SATA:14개/IDE 4핀:6개/FDD:1개/[부가기능]/팬리스모드/자동 팬 조절/대기전력 1W 미만/프리볼트/플랫케이블/16AWG 케이블,https://img.danuri.io/catalog-image/114/743/123/7f5594b723e549cdb1c83c2aaab9d524.jpg?shrink=80:80,True,"가격정보없음(판매준비/판매중지),중고"
2026-08-21,파워,"마이크로닉스,darkFlash",14380013,마이크로닉스 Classic II 600W 80PLUS 230V EU (중고),0,"ATX 파워/600W/80 PLUS 스탠다드/케이블연결:케이블일체형/+12V 싱글레일/+12V 가용률:90%/액티브PFC/PF(역률):99%/120mm 팬/깊이:140mm/[커넥터]/메인전원:24핀(20+4)/보조전원:8핀x1, 4핀x1/PCIe 8핀(6+2):2개/SATA:6개/IDE 4핀:4개/FDD:1개/[부가기능]/대기전력 1W 미만",https://img.danuri.io/catalog-image/013/380/014/0b13c8bacd9849509dcaa59ec1fa5098.jpg?shrink=80:80,True,"가격정보없음(판매준비/판매중지),중고"
2026-08-21,파워,"마이크로닉스,darkFlash",112561816,마이크로닉스 Classic II 850W 80PLUS Bronze 230V EU HDB (중고),0,ATX파워/850W/80 PLUS 브론즈/무상 6년/[커넥터]/메인전원:24핀(20+4),https://img.danuri.io/catalog-image/816/561/112/bbc021120ad544a985223e8dc5cc7752.jpg?shrink=80:80,True,"가격정보없음(판매준비/판매중지),중고"
2026-08-21,파워,"마이크로닉스,darkFlash",16155944,마이크로닉스 Classic II 500W 80PLUS 230V EU (중고),0,ATX 파워/500W/80 PLUS 스탠다드/케이블연결:케이블일체형/+12V 싱글레일/액티브PFC/120mm 팬/깊이:140mm/[커넥터]/메인전원:24핀(20+4)/PCIe 8핀(6+2):2개/SATA:6개/IDE 4핀:3개/[부가기능]/대기전력 1W 미만/플랫케이블,https://img.danuri.io/catalog-image/944/155/016/5f01b1fd71ac459f951da0838440cf20.jpg?shrink=80:80,True,"가격정보없음(판매준비/판매중지),중고"
2026-08-21,파워,"마이크로닉스,darkFlash",122670977,마이크로닉스 WIZMAX G-850W 80PLUS골드 ATX3.1 (중고),0,ATX 파워/850W/80 PLUS 골드/케이블연결:풀모듈러/ETA인증:PLATINUM/LAMBDA인증:A+/전압변동:±0.6%/+12V 싱글레일/+12V 가용률:100%/액티브PFC/PF(역률):99%/140mm 팬/깊이:150mm/무상 10년/[커넥터]/메인전원:24핀(20+4)/보조전원:(4+4)핀x2/PCIe 16핀(12+4):12V2x6 1개/PCIe 8핀(6+2):3개/SATA:8개/IDE 4핀:4개/[부가기능]/팬리스모드/자동 팬 조절/대기전력 1W 미만/프리볼트,https://img.danuri.io/catalog-image/977/670/122/069838ffef3a4c1d8238ec44f0f0eb53.jpg?shrink=80:80,True,"가격정보없음(판매준비/판매중지),중고"
2026-08-21,파워,"마이크로닉스,darkFlash",123743458,마이크로닉스 COOLMAX VISION II 800W (중고),0,ATX 파워/800W/케이블연결:케이블일체형/전압변동:±1%/+12V 싱글레일/+12V 가용률:100%/120mm 팬/깊이:140mm/무상 5년/[커넥터]/메인전원:24핀(20+4)/보조전원:(4+4)핀x1/PCIe 8핀(6+2):4개/SATA:6개/IDE 4핀:4개/[부가기능]/대기전력 1W 미만,https://img.danuri.io/catalog-image/458/743/123/6cc3444f40364fa4a0ef8d108d92cc1b.jpg?shrink=80:80,True,"가격정보없음(판매준비/판매중지),중고"
2026-08-21,파워,"마이크로닉스,darkFlash",13061924,마이크로닉스 Classic II 700W 80PLUS 230V EU 벌크,72710,"ATX 파워/700W/80 PLUS 스탠다드/케이블연결:케이블일체형/+12V 싱글레일/+12V 가용률:90%/액티브PFC/PF(역률):99%/120mm 팬/깊이:140mm/무상 6년/[커넥터]/메인전원:24핀(20+4)/보조전원:8핀x1, (4+4)핀x2/PCIe 8핀(6+2):4개/SATA:6개/IDE 4핀:4개/FDD:1개/[부가기능]/자동 팬 조절/대기전력 1W 미만/플랫케이블",https://img.danuri.io/catalog-image/924/061/013/0947f4868d324eeaaecab1b831742408.jpg?shrink=80:80,False,
2026-08-21,파워,"마이크로닉스,darkFlash",122671967,마이크로닉스 WIZMAX 1050W 80PLUS플래티넘 풀모듈러 ATX3.1 (중고),0,ATX 파워/1050W/80 PLUS 플래티넘/케이블연결:풀모듈러/ETA인증:TITANIUM/LAMBDA인증:STANDARD++/전압변동:±0.4%/+12V 싱글레일/+12V 가용률:100%/액티브PFC/PF(역률):99%/120mm 팬/깊이:140mm/무상 10년/[커넥터]/메인전원:24핀(20+4)/보조전원:(4+4)핀x2/PCIe 16핀(12+4):12V2x6 1개/PCIe 8핀(6+2):3개/SATA:12개/IDE 4핀:4개/FDD:1개/[부가기능]/팬리스모드/자동 팬 조절/대기전력 1W 미만/프리볼트/플랫케이블,https://img.danuri.io/catalog-image/967/671/122/4f71b8abe4544ec0a68b6c3bfe142817.jpg?shrink=80:80,True,"가격정보없음(판매준비/판매중지),중고"
2026-08-21,파워,"마이크로닉스,darkFlash",116072269,마이크로닉스 The Classic II 600W +12V Single Rail 85+ (중고),0,ATX파워/600W/무상 3년/[커넥터]/메인전원:24핀(20+4)/보조전원:8+4핀 1개,https://img.danuri.io/catalog-image/269/072/116/47f447fe23b44e8fba98aa883c2f5b82.jpg?shrink=80:80,True,"가격정보없음(판매준비/판매중지),중고"
2026-08-21,파워,"마이크로닉스,darkFlash",15911549,마이크로닉스 Cyclone III 600W After Cooling (중고),0,ATX 파워/600W/케이블연결:케이블일체형/+12V 싱글레일/+12V 가용률:99%/120mm 팬/깊이:140mm/[커넥터]/메인전원:24핀/보조전원:(4+4)핀x1/PCIe 8핀(6+2):2개/SATA:5개/IDE 4핀:3개/FDD:1개/[부가기능]/대기전력 1W 미만,https://img.danuri.io/catalog-image/549/911/015/abdb4b07bc004e3898571d6b27ee1e13.jpg?shrink=80:80,True,"가격정보없음(판매준비/판매중지),중고"
2026-08-21,파워,"마이크로닉스,darkFlash",114043318,마이크로닉스 쿨맥스 FOCUS 600W 80Plus 230V EU (중고),0,ATX파워/600W/무상 3년/[커넥터]/메인전원:24핀(20+4)/보조전원:8핀(4+4) 1개,https://img.danuri.io/catalog-image/318/043/114/2c165457af96414d8b874262e9722bd7.jpg?shrink=80:80,True,"가격정보없음(판매준비/판매중지),중고"
2026-08-21,파워,"마이크로닉스,darkFlash",14903537,마이크로닉스 COOLMAX FOCUS 600W 80Plus 230V EU (중고),0,ATX 파워/600W/80 PLUS 스탠다드/케이블연결:케이블일체형/+12V 다중레일/+12V 가용률:91%/액티브PFC/120mm 팬/[커넥터]/메인전원:24핀(20+4)/보조전원:(4+4)핀x1/PCIe 8핀(6+2):2개/SATA:4개/IDE 4핀:3개/[부가기능]/대기전력 1W 미만,https://img.danuri.io/catalog-image/537/903/014/9e81ed8d9af14ce18116478acdd17d53.jpg?shrink=80:80,True,"가격정보없음(판매준비/판매중지),중고"
2026-08-21,파워,"마이크로닉스,darkFlash",114958816,마이크로닉스 Performance 500W 80Plus 스탠다드 (중고),0,"ATX파워/500W/80 PLUS 스탠다드/무상 3년/[커넥터]/메인전원:24핀(20+4)/보조전원:4핀 1개,8핀 1개",https://img.danuri.io/catalog-image/816/958/114/85a933e7c5114c45bb13f2f25b211a78.gif?shrink=80:80,True,"가격정보없음(판매준비/판매중지),중고"
2026-08-21,파워,"마이크로닉스,darkFlash",122670961,마이크로닉스 Classic II 750W 80PLUS골드 풀모듈러 ATX3.1 (중고),0,"ATX 파워/750W/80 PLUS 골드/케이블연결:풀모듈러/전압변동:±0.2%/+12V 싱글레일/+12V 가용률:100%/액티브PFC/PF(역률):99%/120mm 팬/깊이:140mm/무상 10년 /[커넥터]/메인전원:24핀(20+4)/보조전원:8핀x1, (4+4)핀x1/PCIe 16핀(12+4):12V2x6 1개/PCIe 8핀(6+2):2개/SATA:8개/IDE 4핀:4개/FDD:1개/[부가기능]/팬리스모드/자동 팬 조절/대기전력 1W 미만/플랫케이블",https://img.danuri.io/catalog-image/961/670/122/36c9d7f9b7cd4054bc029b906cd9b8c9.jpg?shrink=80:80,True,"가격정보없음(판매준비/판매중지),중고"
